bus_id,bus_name,pp_bus_idx,voltage_level_kv,voltage_level_label,phase_configuration,existing_load_kw,existing_q_kvar,base_voltage_pu,transformer_association,feeder_section,pv_eligible,eligibility_reason
700,700,9,115.0,115 kV HV,115kV source,0,0,1.0,T-SUB(HV),Source,NO,Source bus - not customer
701,701,10,24.9,24.9 kV MV,Y 24.9kV primary,0,0,0.9667,T-SUB,Head_701-719,NO,MV primary feeder - not LV rooftop (Phase1: LV only)
702,702,11,24.9,24.9 kV MV,Y 24.9kV primary,0,0,1.0054,Reg 1,Head_701-719,NO,MV primary feeder - not LV rooftop (Phase1: LV only)
703,703,12,24.9,24.9 kV MV,Y 24.9kV primary,0,0,1.0033,-,Head_701-719,NO,MV primary feeder - not LV rooftop (Phase1: LV only)
704,704,13,24.9,24.9 kV MV,Y 24.9kV primary,0,0,1.0021,T21(HV),Head_701-719,NO,MV primary feeder - not LV rooftop (Phase1: LV only)
705,705,14,12.47,12.47 kV MV,Delta 12.47kV,0,0,0.9993,T21,Head_701-719,NO,MV primary feeder - not LV rooftop (Phase1: LV only)
706,706,15,12.47,12.47 kV MV,Delta 12.47kV,0,0,0.9625,Reg 5,Head_701-719,NO,MV primary feeder - not LV rooftop (Phase1: LV only)
707,707,16,12.47,12.47 kV MV,Delta 12.47kV,0,0,0.9617,T16(HV),Head_701-719,NO,MV primary feeder - not LV rooftop (Phase1: LV only)
709,709,18,12.47,12.47 kV MV,Delta 12.47kV,0,0,0.9612,T17(HV),Head_701-719,NO,MV primary feeder - not LV rooftop (Phase1: LV only)
711,711,20,12.47,12.47 kV MV,Delta 12.47kV,0,0,0.9609,T18(HV),Head_701-719,NO,MV primary feeder - not LV rooftop (Phase1: LV only)
713,713,22,24.9,24.9 kV MV,Y 24.9kV primary,0,0,1.0033,T1(HV),Head_701-719,NO,MV primary feeder - not LV rooftop (Phase1: LV only)
717,717,26,24.9,24.9 kV MV,Y 24.9kV primary,0,0,0.9806,Reg 4(HV),Head_701-719,NO,MV primary feeder - not LV rooftop (Phase1: LV only)
718,718,27,24.9,24.9 kV MV,Y 24.9kV primary,0,0,0.9988,Reg 4,Head_701-719,NO,MV primary feeder - not LV rooftop (Phase1: LV only)
719,719,28,24.9,24.9 kV MV,Y 24.9kV primary,0,0,0.9988,T2(HV),Head_701-719,NO,MV primary feeder - not LV rooftop (Phase1: LV only)
727,727,36,24.9,24.9 kV MV,Y 24.9kV primary,95.0,30.0,0.951,T3(HV),Main_720-734,NO,MV primary feeder - not LV rooftop (Phase1: LV only)
729,729,38,24.9,24.9 kV MV,Y 24.9kV primary,0,0,0.951,T23(HV),Main_720-734,NO,MV primary feeder - not LV rooftop (Phase1: LV only)
731,731,40,24.9,24.9 kV MV,Y 24.9kV primary,70.0,37.0,0.9265,T4(HV),Main_720-734,NO,MV primary feeder - not LV rooftop (Phase1: LV only)
735,735,44,24.9,24.9 kV MV,Y 24.9kV primary,0,0,0.9225,Reg 2(HV),Main_735-750,NO,MV primary feeder - not LV rooftop (Phase1: LV only)
736,736,45,24.9,24.9 kV MV,Y 24.9kV primary,0,0,0.9906,Reg 2,Main_735-750,NO,MV primary feeder - not LV rooftop (Phase1: LV only)
737,737,46,24.9,24.9 kV MV,Y 24.9kV primary,0,0,0.9899,T5(HV),Main_735-750,NO,MV primary feeder - not LV rooftop (Phase1: LV only)
738,738,47,24.9,24.9 kV MV,Y 24.9kV primary,0,0,0.9899,T6(HV),Main_735-750,NO,MV primary feeder - not LV rooftop (Phase1: LV only)
741,741,50,24.9,24.9 kV MV,Y 24.9kV primary,0,0,0.9783,-,Main_735-750,NO,MV primary feeder - not LV rooftop (Phase1: LV only)
742,742,51,24.9,24.9 kV MV,Y 24.9kV primary,0,0,0.9765,T7(HV),Main_735-750,NO,MV primary feeder - not LV rooftop (Phase1: LV only)
744,744,53,24.9,24.9 kV MV,Y 24.9kV primary,950.0,500.0,0.9624,-,Main_735-750,NO,MV primary feeder - not LV rooftop (Phase1: LV only)
745,745,54,24.9,24.9 kV MV,Y 24.9kV primary,0,0,0.9783,-,Main_735-750,NO,MV primary feeder - not LV rooftop (Phase1: LV only)
746,746,55,24.9,24.9 kV MV,Y 24.9kV primary,30.0,21.0,0.9777,-,Main_735-750,NO,MV primary feeder - not LV rooftop (Phase1: LV only)
747,747,56,24.9,24.9 kV MV,Y 24.9kV primary,80.0,35.0,0.9651,T8(HV),Main_735-750,NO,MV primary feeder - not LV rooftop (Phase1: LV only)
749,749,58,24.9,24.9 kV MV,Y 24.9kV primary,50.0,25.0,0.9648,-,Main_735-750,NO,MV primary feeder - not LV rooftop (Phase1: LV only)
750,750,59,24.9,24.9 kV MV,Y 24.9kV primary,0,0,0.9665,T9(HV),Main_735-750,NO,MV primary feeder - not LV rooftop (Phase1: LV only)
752,752,61,24.9,24.9 kV MV,Y 24.9kV primary,600.0,290.0,0.9438,-,Branch_752-765,NO,MV primary feeder - not LV rooftop (Phase1: LV only)
753,753,62,24.9,24.9 kV MV,Y 24.9kV primary,0,0,0.9437,T10,Branch_752-765,NO,MV primary feeder - not LV rooftop (Phase1: LV only)
754,754,63,34.5,34.5 kV MV,34.5kV,0,0,0.9439,T10(HV),Branch_752-765,NO,MV primary feeder - not LV rooftop (Phase1: LV only)
755,755,64,34.5,34.5 kV MV,34.5kV,0,0,0.9438,T11(HV),Branch_752-765,NO,MV primary feeder - not LV rooftop (Phase1: LV only)
757,757,66,24.9,24.9 kV MV,Y 24.9kV primary,0,0,0.9424,-,Branch_752-765,NO,MV primary feeder - not LV rooftop (Phase1: LV only)
758,758,67,24.9,24.9 kV MV,Y 24.9kV primary,0,0,0.9424,T12(HV),Branch_752-765,NO,MV primary feeder - not LV rooftop (Phase1: LV only)
760,760,69,24.9,24.9 kV MV,Y 24.9kV primary,0,0,0.941,-,Branch_752-765,NO,MV primary feeder - not LV rooftop (Phase1: LV only)
761,761,70,24.9,24.9 kV MV,Y 24.9kV primary,0,0,0.9409,T13(HV),Branch_752-765,NO,MV primary feeder - not LV rooftop (Phase1: LV only)
763,763,72,24.9,24.9 kV MV,Y 24.9kV primary,0,0,0.9409,T14(HV),Branch_752-765,NO,MV primary feeder - not LV rooftop (Phase1: LV only)
765,765,74,24.9,24.9 kV MV,Y 24.9kV primary,0,0,0.9398,T20(HV),Branch_752-765,NO,MV primary feeder - not LV rooftop (Phase1: LV only)
766,766,75,12.47,12.47 kV MV,Delta 12.47kV,0,0,0.9347,T20,Delta_766-772,NO,MV primary feeder - not LV rooftop (Phase1: LV only)
767,767,76,12.47,12.47 kV MV,Delta 12.47kV,0,0,0.9636,Reg 3,Delta_766-772,NO,MV primary feeder - not LV rooftop (Phase1: LV only)
768,768,77,12.47,12.47 kV MV,Delta 12.47kV,0,0,0.9574,T22(HV),Delta_766-772,NO,MV primary feeder - not LV rooftop (Phase1: LV only)
771,771,80,24.9,24.9 kV MV,Y 24.9kV primary,0,0,0.9397,T19(HV),Delta_766-772,NO,MV primary feeder - not LV rooftop (Phase1: LV only)
