pv_bus,pv_bus_vn_kv,existing_pv_kw,new_pv_kw,total_pv_kw,existing_load_at_bus_kw,pv_penetration_ratio,transformer_association,feeder_section,label
748,0.24,15,224,239,76.88,3.108740894901145,T8,Main_735-750,CONSTRAINED
7693,0.24,0,205,205,0.0,205.0,T22,LV_secondary_T2_T4,CONSTRAINED
624,0.24,5,111,116,0.0,116.0,T2,LV_secondary_T2_T4,CAUTION
6251,0.24,3,159,162,0.0,162.0,T2,LV_secondary_T2_T4,CONSTRAINED
714,0.208,13,90,103,240.0,0.42916666666666664,T24,Branch_701-708,SAFE
7392,0.24,0,214,214,0.0,214.0,T6,LV_secondary_T2_T4,CONSTRAINED
772,0.208,0,103,103,100.0,1.03,T19,Delta_766-772,SAFE
743,0.24,12,127,139,240.0,0.5791666666666667,T7,Main_735-750,SAFE
6252,0.24,0,186,186,0.0,186.0,T2,LV_secondary_T2_T4,CONSTRAINED
764,0.24,0,137,137,46.0,2.9782608695652173,T14,Branch_752-765,CAUTION
623,0.24,0,114,114,0.0,114.0,T2,LV_secondary_T2_T4,CONSTRAINED
6202,0.24,0,21,21,0.0,21.0,T2,LV_secondary_T2_T4,SAFE
734,0.24,15,20,35,15.85,2.2082018927444795,-,Main_720-734,SAFE
739,0.24,15,70,85,41.1,2.068126520681265,T6,Main_735-750,CAUTION
6211,0.24,0,118,118,0.0,118.0,T2,LV_secondary_T2_T4,CAUTION
723,0.24,0,179,179,0.0,179.0,-,Main_720-734,CONSTRAINED
721,0.24,14,211,225,0.0,225.0,-,Main_720-734,CONSTRAINED
716,0.48,0,192,192,15.85,12.113564668769717,T24(HV),Branch_701-708,CONSTRAINED
740,0.24,0,178,178,75.0,2.3733333333333335,T5,Main_735-750,CAUTION
7392,0.24,0,231,231,0.0,231.0,T6,LV_secondary_T2_T4,CONSTRAINED
6242,0.24,0,171,171,0.0,171.0,T2,LV_secondary_T2_T4,CONSTRAINED
6232,0.24,9,48,57,0.0,57.0,T2,LV_secondary_T2_T4,CONSTRAINED
759,0.24,6,161,167,35.0,4.771428571428571,T12,Branch_752-765,CAUTION
621,0.24,0,121,121,0.0,121.0,T2,LV_secondary_T2_T4,CAUTION
725,0.24,0,246,246,0.0,246.0,-,Main_720-734,CONSTRAINED
6212,0.24,0,250,250,0.0,250.0,T2,LV_secondary_T2_T4,CONSTRAINED
733,0.24,0,22,22,0.0,22.0,-,Main_720-734,SAFE
6202,0.24,3,8,11,0.0,11.0,T2,LV_secondary_T2_T4,SAFE
7121,0.24,4,142,146,0.0,146.0,T18,LV_secondary_T2_T4,CAUTION
6211,0.24,0,74,74,0.0,74.0,T2,LV_secondary_T2_T4,SAFE
6222,0.24,0,128,128,0.0,128.0,T2,LV_secondary_T2_T4,CONSTRAINED
708,0.24,0,8,8,75.0,0.10666666666666667,T16,Branch_701-708,SAFE
624,0.24,0,235,235,0.0,235.0,T2,LV_secondary_T2_T4,CONSTRAINED
7122,0.24,8,216,224,0.0,224.0,T18,LV_secondary_T2_T4,CAUTION
740,0.24,8,221,229,75.0,3.0533333333333332,T5,Main_735-750,CONSTRAINED
6241,0.24,0,170,170,0.0,170.0,T2,LV_secondary_T2_T4,CONSTRAINED
708,0.24,0,21,21,75.0,0.28,T16,Branch_701-708,SAFE
712,0.24,0,59,59,65.0,0.9076923076923077,T18,Branch_701-708,SAFE
6241,0.24,11,73,84,0.0,84.0,T2,LV_secondary_T2_T4,CAUTION
6231,0.24,0,97,97,0.0,97.0,T2,LV_secondary_T2_T4,CONSTRAINED
6212,0.24,0,194,194,0.0,194.0,T2,LV_secondary_T2_T4,CONSTRAINED
7392,0.24,8,239,247,0.0,247.0,T6,LV_secondary_T2_T4,CONSTRAINED
6211,0.24,7,172,179,0.0,179.0,T2,LV_secondary_T2_T4,CONSTRAINED
708,0.24,0,120,120,75.0,1.6,T16,Branch_701-708,CAUTION
626,0.24,10,89,99,0.0,99.0,T2,LV_secondary_T2_T4,CONSTRAINED
7483,0.24,5,70,75,0.0,75.0,T8,LV_secondary_T2_T4,SAFE
624,0.24,11,133,144,0.0,144.0,T2,LV_secondary_T2_T4,CAUTION
764,0.24,0,207,207,46.0,4.5,T14,Branch_752-765,CONSTRAINED
620,0.24,15,231,246,0.0,246.0,T2,LV_secondary_T2_T4,CAUTION
621,0.24,0,34,34,0.0,34.0,T2,LV_secondary_T2_T4,SAFE
6211,0.24,13,85,98,0.0,98.0,T2,LV_secondary_T2_T4,CAUTION
7391,0.24,12,181,193,0.0,193.0,T6,LV_secondary_T2_T4,CONSTRAINED
759,0.24,0,180,180,35.0,5.142857142857143,T12,Branch_752-765,CONSTRAINED
6322,0.24,9,97,106,0.0,106.0,T4,LV_secondary_T2_T4,CAUTION
724,0.24,0,159,159,0.0,159.0,-,Main_720-734,CONSTRAINED
725,0.24,0,92,92,0.0,92.0,-,Main_720-734,CONSTRAINED
708,0.24,12,114,126,75.0,1.68,T16,Branch_701-708,CAUTION
6261,0.24,0,210,210,0.0,210.0,T2,LV_secondary_T2_T4,CONSTRAINED
7643,0.24,3,189,192,0.0,192.0,T14,LV_secondary_T2_T4,CONSTRAINED
764,0.24,0,125,125,46.0,2.717391304347826,T14,Branch_752-765,CAUTION
739,0.24,0,190,190,41.1,4.622871046228711,T6,Main_735-750,CONSTRAINED
748,0.24,3,97,100,76.88,1.3007284079084287,T8,Main_735-750,CAUTION
626,0.24,0,172,172,0.0,172.0,T2,LV_secondary_T2_T4,CONSTRAINED
7122,0.24,9,50,59,0.0,59.0,T18,LV_secondary_T2_T4,SAFE
620,0.24,0,166,166,0.0,166.0,T2,LV_secondary_T2_T4,CAUTION
6322,0.24,0,179,179,0.0,179.0,T4,LV_secondary_T2_T4,CAUTION
6202,0.24,0,142,142,0.0,142.0,T2,LV_secondary_T2_T4,CAUTION
620,0.24,0,206,206,0.0,206.0,T2,LV_secondary_T2_T4,CAUTION
770,0.24,0,198,198,450.0,0.44,T15,Delta_766-772,SAFE
732,0.24,10,28,38,25.4,1.4960629921259843,T4,Main_720-734,SAFE
7392,0.24,0,167,167,0.0,167.0,T6,LV_secondary_T2_T4,CAUTION
633,0.24,0,209,209,0.0,209.0,T4,LV_secondary_T2_T4,CONSTRAINED
721,0.24,7,45,52,0.0,52.0,-,Main_720-734,SAFE
7481,0.24,0,40,40,0.0,40.0,T8,LV_secondary_T2_T4,SAFE
6322,0.24,0,127,127,0.0,127.0,T4,LV_secondary_T2_T4,CAUTION
6262,0.24,0,20,20,0.0,20.0,T2,LV_secondary_T2_T4,SAFE
7122,0.24,0,111,111,0.0,111.0,T18,LV_secondary_T2_T4,CAUTION
6321,0.24,0,179,179,0.0,179.0,T4,LV_secondary_T2_T4,CAUTION
6212,0.24,0,31,31,0.0,31.0,T2,LV_secondary_T2_T4,SAFE
624,0.24,0,144,144,0.0,144.0,T2,LV_secondary_T2_T4,CAUTION
710,0.208,0,57,57,80.0,0.7125,T17,Branch_701-708,SAFE
6211,0.24,14,66,80,0.0,80.0,T2,LV_secondary_T2_T4,CAUTION
708,0.24,0,48,48,75.0,0.64,T16,Branch_701-708,SAFE
6331,0.24,0,193,193,0.0,193.0,T4,LV_secondary_T2_T4,CONSTRAINED
6261,0.24,0,179,179,0.0,179.0,T2,LV_secondary_T2_T4,CONSTRAINED
732,0.24,0,187,187,25.4,7.362204724409449,T4,Main_720-734,CONSTRAINED
772,0.208,0,203,203,100.0,2.03,T19,Delta_766-772,CAUTION
626,0.24,0,157,157,0.0,157.0,T2,LV_secondary_T2_T4,CONSTRAINED
734,0.24,0,184,184,15.85,11.608832807570979,-,Main_720-734,CONSTRAINED
740,0.24,11,201,212,75.0,2.8266666666666667,T5,Main_735-750,CAUTION
6211,0.24,0,111,111,0.0,111.0,T2,LV_secondary_T2_T4,CAUTION
7481,0.24,0,94,94,0.0,94.0,T8,LV_secondary_T2_T4,CAUTION
626,0.24,0,183,183,0.0,183.0,T2,LV_secondary_T2_T4,CONSTRAINED
6212,0.24,0,110,110,0.0,110.0,T2,LV_secondary_T2_T4,CAUTION
6332,0.24,5,154,159,0.0,159.0,T4,LV_secondary_T2_T4,CONSTRAINED
6222,0.24,0,117,117,0.0,117.0,T2,LV_secondary_T2_T4,CONSTRAINED
7692,0.24,0,198,198,0.0,198.0,T22,LV_secondary_T2_T4,CONSTRAINED
6322,0.24,0,185,185,0.0,185.0,T4,LV_secondary_T2_T4,CONSTRAINED
625,0.24,5,19,24,0.0,24.0,T2,LV_secondary_T2_T4,SAFE
626,0.24,0,100,100,0.0,100.0,T2,LV_secondary_T2_T4,CONSTRAINED
6202,0.24,0,132,132,0.0,132.0,T2,LV_secondary_T2_T4,CAUTION
720,0.24,10,122,132,66.0,2.0,T2,Main_720-734,CAUTION
7392,0.24,8,10,18,0.0,18.0,T6,LV_secondary_T2_T4,SAFE
723,0.24,6,199,205,0.0,205.0,-,Main_720-734,CONSTRAINED
751,0.48,0,15,15,0.0,15.0,T9,other,SAFE
6202,0.24,0,110,110,0.0,110.0,T2,LV_secondary_T2_T4,CAUTION
740,0.24,15,10,25,75.0,0.3333333333333333,T5,Main_735-750,SAFE
6212,0.24,0,190,190,0.0,190.0,T2,LV_secondary_T2_T4,CONSTRAINED
769,0.24,14,11,25,41.0,0.6097560975609756,T22,Delta_766-772,SAFE
622,0.24,0,37,37,0.0,37.0,T2,LV_secondary_T2_T4,SAFE
625,0.24,6,179,185,0.0,185.0,T2,LV_secondary_T2_T4,CONSTRAINED
6331,0.24,0,206,206,0.0,206.0,T4,LV_secondary_T2_T4,CONSTRAINED
6331,0.24,0,245,245,0.0,245.0,T4,LV_secondary_T2_T4,CONSTRAINED
6262,0.24,0,29,29,0.0,29.0,T2,LV_secondary_T2_T4,SAFE
7641,0.24,0,52,52,0.0,52.0,T14,LV_secondary_T2_T4,SAFE
728,0.24,10,155,165,38.0,4.342105263157895,T3,Main_720-734,CONSTRAINED
7482,0.24,0,195,195,0.0,195.0,T8,LV_secondary_T2_T4,CAUTION
7641,0.24,0,59,59,0.0,59.0,T14,LV_secondary_T2_T4,CAUTION
748,0.24,0,213,213,76.88,2.7705515088449535,T8,Main_735-750,CAUTION
740,0.24,0,69,69,75.0,0.92,T5,Main_735-750,SAFE
708,0.24,3,222,225,75.0,3.0,T16,Branch_701-708,CAUTION
748,0.24,0,229,229,76.88,2.978668054110302,T8,Main_735-750,CONSTRAINED
7481,0.24,0,166,166,0.0,166.0,T8,LV_secondary_T2_T4,CAUTION
721,0.24,10,230,240,0.0,240.0,-,Main_720-734,CONSTRAINED
632,0.24,5,31,36,0.0,36.0,T4,LV_secondary_T2_T4,SAFE
734,0.24,0,85,85,15.85,5.3627760252365935,-,Main_720-734,CONSTRAINED
733,0.24,3,233,236,0.0,236.0,-,Main_720-734,CONSTRAINED
722,0.24,0,145,145,0.0,145.0,-,Main_720-734,CONSTRAINED
739,0.24,0,25,25,41.1,0.6082725060827251,T6,Main_735-750,SAFE
7122,0.24,0,183,183,0.0,183.0,T18,LV_secondary_T2_T4,CAUTION
6201,0.24,0,213,213,0.0,213.0,T2,LV_secondary_T2_T4,CAUTION
624,0.24,0,86,86,0.0,86.0,T2,LV_secondary_T2_T4,CAUTION
739,0.24,12,193,205,41.1,4.987834549878345,T6,Main_735-750,CONSTRAINED
7641,0.24,0,184,184,0.0,184.0,T14,LV_secondary_T2_T4,CAUTION
722,0.24,12,32,44,0.0,44.0,-,Main_720-734,SAFE
7692,0.24,0,13,13,0.0,13.0,T22,LV_secondary_T2_T4,SAFE
739,0.24,4,193,197,41.1,4.793187347931873,T6,Main_735-750,CONSTRAINED
7482,0.24,5,222,227,0.0,227.0,T8,LV_secondary_T2_T4,CONSTRAINED
723,0.24,0,78,78,0.0,78.0,-,Main_720-734,CONSTRAINED
620,0.24,0,117,117,0.0,117.0,T2,LV_secondary_T2_T4,CAUTION
6261,0.24,0,5,5,0.0,5.0,T2,LV_secondary_T2_T4,SAFE
633,0.24,0,207,207,0.0,207.0,T4,LV_secondary_T2_T4,CONSTRAINED
6321,0.24,0,25,25,0.0,25.0,T4,LV_secondary_T2_T4,SAFE
769,0.24,0,152,152,41.0,3.707317073170732,T22,Delta_766-772,CAUTION
7391,0.24,0,138,138,0.0,138.0,T6,LV_secondary_T2_T4,CAUTION
7483,0.24,0,204,204,0.0,204.0,T8,LV_secondary_T2_T4,CAUTION
633,0.24,0,23,23,0.0,23.0,T4,LV_secondary_T2_T4,SAFE
728,0.24,11,62,73,38.0,1.9210526315789473,T3,Main_720-734,CAUTION
722,0.24,3,169,172,0.0,172.0,-,Main_720-734,CONSTRAINED
7482,0.24,4,197,201,0.0,201.0,T8,LV_secondary_T2_T4,CAUTION
733,0.24,0,72,72,0.0,72.0,-,Main_720-734,CAUTION
724,0.24,0,163,163,0.0,163.0,-,Main_720-734,CONSTRAINED
772,0.208,0,189,189,100.0,1.89,T19,Delta_766-772,CAUTION
6231,0.24,0,227,227,0.0,227.0,T2,LV_secondary_T2_T4,CONSTRAINED
726,0.24,0,27,27,0.0,27.0,-,Main_720-734,SAFE
751,0.48,9,136,145,0.0,145.0,T9,other,SAFE
624,0.24,0,102,102,0.0,102.0,T2,LV_secondary_T2_T4,CAUTION
6261,0.24,7,218,225,0.0,225.0,T2,LV_secondary_T2_T4,CONSTRAINED
759,0.24,0,196,196,35.0,5.6,T12,Branch_752-765,CONSTRAINED
770,0.24,0,39,39,450.0,0.08666666666666667,T15,Delta_766-772,SAFE
632,0.24,11,58,69,0.0,69.0,T4,LV_secondary_T2_T4,CAUTION
751,0.48,4,121,125,0.0,125.0,T9,other,SAFE
748,0.24,4,180,184,76.88,2.393340270551509,T8,Main_735-750,CAUTION
716,0.48,0,145,145,15.85,9.14826498422713,T24(HV),Branch_701-708,CONSTRAINED
7481,0.24,0,8,8,0.0,8.0,T8,LV_secondary_T2_T4,SAFE
6321,0.24,10,130,140,0.0,140.0,T4,LV_secondary_T2_T4,CAUTION
6221,0.24,0,112,112,0.0,112.0,T2,LV_secondary_T2_T4,CONSTRAINED
722,0.24,13,132,145,0.0,145.0,-,Main_720-734,CONSTRAINED
6232,0.24,0,65,65,0.0,65.0,T2,LV_secondary_T2_T4,CONSTRAINED
772,0.208,5,211,216,100.0,2.16,T19,Delta_766-772,CAUTION
723,0.24,11,225,236,0.0,236.0,-,Main_720-734,CONSTRAINED
743,0.24,15,207,222,240.0,0.925,T7,Main_735-750,SAFE
759,0.24,14,28,42,35.0,1.2,T12,Branch_752-765,SAFE
769,0.24,0,201,201,41.0,4.902439024390244,T22,Delta_766-772,CONSTRAINED
7642,0.24,4,69,73,0.0,73.0,T14,LV_secondary_T2_T4,CAUTION
7693,0.24,0,56,56,0.0,56.0,T22,LV_secondary_T2_T4,CAUTION
740,0.24,0,31,31,75.0,0.41333333333333333,T5,Main_735-750,SAFE
7691,0.24,0,88,88,0.0,88.0,T22,LV_secondary_T2_T4,CAUTION
6231,0.24,0,116,116,0.0,116.0,T2,LV_secondary_T2_T4,CONSTRAINED
7122,0.24,0,219,219,0.0,219.0,T18,LV_secondary_T2_T4,CAUTION
6242,0.24,0,66,66,0.0,66.0,T2,LV_secondary_T2_T4,SAFE
748,0.24,0,27,27,76.88,0.3511966701352758,T8,Main_735-750,SAFE
7483,0.24,0,11,11,0.0,11.0,T8,LV_secondary_T2_T4,SAFE
739,0.24,14,232,246,41.1,5.985401459854014,T6,Main_735-750,CONSTRAINED
7392,0.24,0,197,197,0.0,197.0,T6,LV_secondary_T2_T4,CONSTRAINED
6212,0.24,0,60,60,0.0,60.0,T2,LV_secondary_T2_T4,SAFE
733,0.24,0,146,146,0.0,146.0,-,Main_720-734,CONSTRAINED
7641,0.24,13,213,226,0.0,226.0,T14,LV_secondary_T2_T4,CONSTRAINED
732,0.24,0,164,164,25.4,6.456692913385827,T4,Main_720-734,CAUTION
708,0.24,0,76,76,75.0,1.0133333333333334,T16,Branch_701-708,SAFE
7121,0.24,0,145,145,0.0,145.0,T18,LV_secondary_T2_T4,CAUTION
723,0.24,6,225,231,0.0,231.0,-,Main_720-734,CONSTRAINED
715,0.208,14,198,212,0.0,212.0,-,Branch_701-708,SAFE
6251,0.24,0,216,216,0.0,216.0,T2,LV_secondary_T2_T4,CONSTRAINED
7691,0.24,0,245,245,0.0,245.0,T22,LV_secondary_T2_T4,CONSTRAINED
751,0.48,0,172,172,0.0,172.0,T9,other,SAFE
6212,0.24,0,72,72,0.0,72.0,T2,LV_secondary_T2_T4,SAFE
6251,0.24,0,143,143,0.0,143.0,T2,LV_secondary_T2_T4,CONSTRAINED
715,0.208,5,72,77,0.0,77.0,-,Branch_701-708,SAFE
6242,0.24,0,163,163,0.0,163.0,T2,LV_secondary_T2_T4,CONSTRAINED
6332,0.24,0,60,60,0.0,60.0,T4,LV_secondary_T2_T4,CAUTION
725,0.24,0,186,186,0.0,186.0,-,Main_720-734,CONSTRAINED
770,0.24,0,78,78,450.0,0.17333333333333334,T15,Delta_766-772,SAFE
6252,0.24,8,12,20,0.0,20.0,T2,LV_secondary_T2_T4,SAFE
7643,0.24,12,87,99,0.0,99.0,T14,LV_secondary_T2_T4,CAUTION
726,0.24,0,153,153,0.0,153.0,-,Main_720-734,CONSTRAINED
6241,0.24,0,168,168,0.0,168.0,T2,LV_secondary_T2_T4,CONSTRAINED
7691,0.24,10,116,126,0.0,126.0,T22,LV_secondary_T2_T4,CAUTION
6231,0.24,10,39,49,0.0,49.0,T2,LV_secondary_T2_T4,CAUTION
6262,0.24,0,208,208,0.0,208.0,T2,LV_secondary_T2_T4,CONSTRAINED
769,0.24,6,119,125,41.0,3.048780487804878,T22,Delta_766-772,CAUTION
7691,0.24,0,192,192,0.0,192.0,T22,LV_secondary_T2_T4,CONSTRAINED
7483,0.24,13,81,94,0.0,94.0,T8,LV_secondary_T2_T4,CAUTION
748,0.24,0,208,208,76.88,2.705515088449532,T8,Main_735-750,CAUTION
714,0.208,3,7,10,240.0,0.041666666666666664,T24,Branch_701-708,SAFE
7482,0.24,15,55,70,0.0,70.0,T8,LV_secondary_T2_T4,SAFE
739,0.24,0,248,248,41.1,6.034063260340632,T6,Main_735-750,CONSTRAINED
732,0.24,0,119,119,25.4,4.685039370078741,T4,Main_720-734,CAUTION
715,0.208,0,47,47,0.0,47.0,-,Branch_701-708,SAFE
622,0.24,0,34,34,0.0,34.0,T2,LV_secondary_T2_T4,SAFE
6241,0.24,0,135,135,0.0,135.0,T2,LV_secondary_T2_T4,CAUTION
723,0.24,14,205,219,0.0,219.0,-,Main_720-734,CONSTRAINED
734,0.24,0,203,203,15.85,12.807570977917981,-,Main_720-734,CONSTRAINED
6221,0.24,4,134,138,0.0,138.0,T2,LV_secondary_T2_T4,CONSTRAINED
6222,0.24,0,191,191,0.0,191.0,T2,LV_secondary_T2_T4,CONSTRAINED
7392,0.24,0,217,217,0.0,217.0,T6,LV_secondary_T2_T4,CONSTRAINED
6262,0.24,10,20,30,0.0,30.0,T2,LV_secondary_T2_T4,SAFE
6241,0.24,11,20,31,0.0,31.0,T2,LV_secondary_T2_T4,SAFE
6252,0.24,0,216,216,0.0,216.0,T2,LV_secondary_T2_T4,CONSTRAINED
723,0.24,0,42,42,0.0,42.0,-,Main_720-734,CAUTION
732,0.24,4,198,202,25.4,7.952755905511811,T4,Main_720-734,CONSTRAINED
769,0.24,0,170,170,41.0,4.146341463414634,T22,Delta_766-772,CAUTION
6211,0.24,0,208,208,0.0,208.0,T2,LV_secondary_T2_T4,CONSTRAINED
6321,0.24,10,198,208,0.0,208.0,T4,LV_secondary_T2_T4,CONSTRAINED
714,0.208,0,191,191,240.0,0.7958333333333333,T24,Branch_701-708,SAFE
7483,0.24,0,132,132,0.0,132.0,T8,LV_secondary_T2_T4,CAUTION
734,0.24,0,197,197,15.85,12.429022082018928,-,Main_720-734,CONSTRAINED
724,0.24,0,125,125,0.0,125.0,-,Main_720-734,CAUTION
6261,0.24,9,79,88,0.0,88.0,T2,LV_secondary_T2_T4,CONSTRAINED
740,0.24,0,105,105,75.0,1.4,T5,Main_735-750,CAUTION
625,0.24,0,122,122,0.0,122.0,T2,LV_secondary_T2_T4,CONSTRAINED
6252,0.24,7,193,200,0.0,200.0,T2,LV_secondary_T2_T4,CONSTRAINED
626,0.24,14,55,69,0.0,69.0,T2,LV_secondary_T2_T4,CONSTRAINED
712,0.24,0,108,108,65.0,1.6615384615384616,T18,Branch_701-708,CAUTION
7693,0.24,0,176,176,0.0,176.0,T22,LV_secondary_T2_T4,CAUTION
769,0.24,0,32,32,41.0,0.7804878048780488,T22,Delta_766-772,SAFE
732,0.24,0,224,224,25.4,8.818897637795276,T4,Main_720-734,CONSTRAINED
708,0.24,0,164,164,75.0,2.1866666666666665,T16,Branch_701-708,CAUTION
7481,0.24,0,53,53,0.0,53.0,T8,LV_secondary_T2_T4,SAFE
6231,0.24,0,104,104,0.0,104.0,T2,LV_secondary_T2_T4,CONSTRAINED
7482,0.24,11,79,90,0.0,90.0,T8,LV_secondary_T2_T4,CAUTION
7481,0.24,0,250,250,0.0,250.0,T8,LV_secondary_T2_T4,CONSTRAINED
710,0.208,0,102,102,80.0,1.275,T17,Branch_701-708,CAUTION
623,0.24,10,137,147,0.0,147.0,T2,LV_secondary_T2_T4,CONSTRAINED
6211,0.24,12,157,169,0.0,169.0,T2,LV_secondary_T2_T4,CONSTRAINED
7391,0.24,0,122,122,0.0,122.0,T6,LV_secondary_T2_T4,CAUTION
7122,0.24,0,248,248,0.0,248.0,T18,LV_secondary_T2_T4,CAUTION
772,0.208,0,9,9,100.0,0.09,T19,Delta_766-772,SAFE
621,0.24,0,174,174,0.0,174.0,T2,LV_secondary_T2_T4,CONSTRAINED
730,0.24,10,87,97,85.0,1.1411764705882352,T23,Main_720-734,CAUTION
728,0.24,3,146,149,38.0,3.9210526315789473,T3,Main_720-734,CONSTRAINED
724,0.24,0,242,242,0.0,242.0,-,Main_720-734,CONSTRAINED
6211,0.24,5,56,61,0.0,61.0,T2,LV_secondary_T2_T4,SAFE
772,0.208,10,191,201,100.0,2.01,T19,Delta_766-772,CAUTION
772,0.208,0,246,246,100.0,2.46,T19,Delta_766-772,CAUTION
7642,0.24,4,111,115,0.0,115.0,T14,LV_secondary_T2_T4,CAUTION
6232,0.24,0,18,18,0.0,18.0,T2,LV_secondary_T2_T4,SAFE
6232,0.24,0,217,217,0.0,217.0,T2,LV_secondary_T2_T4,CONSTRAINED
7642,0.24,0,71,71,0.0,71.0,T14,LV_secondary_T2_T4,CAUTION
6261,0.24,0,194,194,0.0,194.0,T2,LV_secondary_T2_T4,CONSTRAINED
626,0.24,0,89,89,0.0,89.0,T2,LV_secondary_T2_T4,CONSTRAINED
6321,0.24,0,205,205,0.0,205.0,T4,LV_secondary_T2_T4,CONSTRAINED
6202,0.24,0,120,120,0.0,120.0,T2,LV_secondary_T2_T4,CAUTION
730,0.24,0,125,125,85.0,1.4705882352941178,T23,Main_720-734,CAUTION
748,0.24,0,35,35,76.88,0.4552549427679501,T8,Main_735-750,SAFE
7121,0.24,0,179,179,0.0,179.0,T18,LV_secondary_T2_T4,CAUTION
769,0.24,0,117,117,41.0,2.8536585365853657,T22,Delta_766-772,CAUTION
623,0.24,0,177,177,0.0,177.0,T2,LV_secondary_T2_T4,CONSTRAINED
6331,0.24,0,89,89,0.0,89.0,T4,LV_secondary_T2_T4,CAUTION
6202,0.24,0,148,148,0.0,148.0,T2,LV_secondary_T2_T4,CAUTION
721,0.24,0,34,34,0.0,34.0,-,Main_720-734,SAFE
721,0.24,0,10,10,0.0,10.0,-,Main_720-734,SAFE
762,0.48,0,72,72,45.0,1.6,T13,Branch_752-765,CAUTION
722,0.24,0,178,178,0.0,178.0,-,Main_720-734,CONSTRAINED
6251,0.24,0,59,59,0.0,59.0,T2,LV_secondary_T2_T4,CAUTION
726,0.24,0,51,51,0.0,51.0,-,Main_720-734,CONSTRAINED
625,0.24,6,210,216,0.0,216.0,T2,LV_secondary_T2_T4,CONSTRAINED
723,0.24,0,53,53,0.0,53.0,-,Main_720-734,CONSTRAINED
770,0.24,0,100,100,450.0,0.2222222222222222,T15,Delta_766-772,SAFE
730,0.24,0,119,119,85.0,1.4,T23,Main_720-734,CAUTION
724,0.24,0,155,155,0.0,155.0,-,Main_720-734,CONSTRAINED
7692,0.24,0,195,195,0.0,195.0,T22,LV_secondary_T2_T4,CONSTRAINED
632,0.24,0,236,236,0.0,236.0,T4,LV_secondary_T2_T4,CONSTRAINED
626,0.24,0,168,168,0.0,168.0,T2,LV_secondary_T2_T4,CONSTRAINED
7643,0.24,0,91,91,0.0,91.0,T14,LV_secondary_T2_T4,CAUTION
6221,0.24,0,102,102,0.0,102.0,T2,LV_secondary_T2_T4,CONSTRAINED
730,0.24,0,142,142,85.0,1.6705882352941177,T23,Main_720-734,CAUTION
622,0.24,13,215,228,0.0,228.0,T2,LV_secondary_T2_T4,CONSTRAINED
770,0.24,14,23,37,450.0,0.08222222222222222,T15,Delta_766-772,SAFE
6331,0.24,10,171,181,0.0,181.0,T4,LV_secondary_T2_T4,CONSTRAINED
714,0.208,0,143,143,240.0,0.5958333333333333,T24,Branch_701-708,SAFE
762,0.48,4,202,206,45.0,4.5777777777777775,T13,Branch_752-765,CONSTRAINED
7393,0.24,0,11,11,0.0,11.0,T6,LV_secondary_T2_T4,SAFE
733,0.24,0,144,144,0.0,144.0,-,Main_720-734,CONSTRAINED
725,0.24,0,182,182,0.0,182.0,-,Main_720-734,CONSTRAINED
764,0.24,0,82,82,46.0,1.7826086956521738,T14,Branch_752-765,CAUTION
725,0.24,15,59,74,0.0,74.0,-,Main_720-734,CAUTION
6221,0.24,4,68,72,0.0,72.0,T2,LV_secondary_T2_T4,CAUTION
625,0.24,0,187,187,0.0,187.0,T2,LV_secondary_T2_T4,CONSTRAINED
622,0.24,0,90,90,0.0,90.0,T2,LV_secondary_T2_T4,CONSTRAINED
7641,0.24,5,182,187,0.0,187.0,T14,LV_secondary_T2_T4,CAUTION
6221,0.24,0,107,107,0.0,107.0,T2,LV_secondary_T2_T4,CONSTRAINED
6211,0.24,0,21,21,0.0,21.0,T2,LV_secondary_T2_T4,SAFE
6201,0.24,14,169,183,0.0,183.0,T2,LV_secondary_T2_T4,CAUTION
716,0.48,0,143,143,15.85,9.022082018927446,T24(HV),Branch_701-708,CONSTRAINED
7693,0.24,5,18,23,0.0,23.0,T22,LV_secondary_T2_T4,SAFE
772,0.208,12,211,223,100.0,2.23,T19,Delta_766-772,CAUTION
6212,0.24,13,184,197,0.0,197.0,T2,LV_secondary_T2_T4,CONSTRAINED
764,0.24,0,187,187,46.0,4.065217391304348,T14,Branch_752-765,CAUTION
769,0.24,0,133,133,41.0,3.2439024390243905,T22,Delta_766-772,CAUTION
739,0.24,0,227,227,41.1,5.523114355231144,T6,Main_735-750,CONSTRAINED
708,0.24,0,54,54,75.0,0.72,T16,Branch_701-708,SAFE
6332,0.24,4,234,238,0.0,238.0,T4,LV_secondary_T2_T4,CONSTRAINED
622,0.24,0,214,214,0.0,214.0,T2,LV_secondary_T2_T4,CONSTRAINED
712,0.24,12,168,180,65.0,2.769230769230769,T18,Branch_701-708,CAUTION
620,0.24,0,225,225,0.0,225.0,T2,LV_secondary_T2_T4,CAUTION
6321,0.24,0,208,208,0.0,208.0,T4,LV_secondary_T2_T4,CONSTRAINED
7691,0.24,0,16,16,0.0,16.0,T22,LV_secondary_T2_T4,SAFE
743,0.24,0,93,93,240.0,0.3875,T7,Main_735-750,SAFE
724,0.24,0,221,221,0.0,221.0,-,Main_720-734,CONSTRAINED
724,0.24,0,136,136,0.0,136.0,-,Main_720-734,CAUTION
623,0.24,0,140,140,0.0,140.0,T2,LV_secondary_T2_T4,CONSTRAINED
6332,0.24,0,208,208,0.0,208.0,T4,LV_secondary_T2_T4,CONSTRAINED
751,0.48,0,103,103,0.0,103.0,T9,other,SAFE
7392,0.24,15,102,117,0.0,117.0,T6,LV_secondary_T2_T4,CAUTION
7641,0.24,10,30,40,0.0,40.0,T14,LV_secondary_T2_T4,SAFE
6202,0.24,0,162,162,0.0,162.0,T2,LV_secondary_T2_T4,CAUTION
720,0.24,0,200,200,66.0,3.0303030303030303,T2,Main_720-734,CAUTION
624,0.24,0,5,5,0.0,5.0,T2,LV_secondary_T2_T4,SAFE
625,0.24,0,184,184,0.0,184.0,T2,LV_secondary_T2_T4,CONSTRAINED
733,0.24,9,176,185,0.0,185.0,-,Main_720-734,CONSTRAINED
725,0.24,0,110,110,0.0,110.0,-,Main_720-734,CONSTRAINED
633,0.24,0,85,85,0.0,85.0,T4,LV_secondary_T2_T4,CAUTION
730,0.24,0,147,147,85.0,1.7294117647058824,T23,Main_720-734,CAUTION
6332,0.24,0,129,129,0.0,129.0,T4,LV_secondary_T2_T4,CONSTRAINED
6321,0.24,0,231,231,0.0,231.0,T4,LV_secondary_T2_T4,CONSTRAINED
770,0.24,0,249,249,450.0,0.5533333333333333,T15,Delta_766-772,CAUTION
7391,0.24,0,241,241,0.0,241.0,T6,LV_secondary_T2_T4,CONSTRAINED
7691,0.24,0,202,202,0.0,202.0,T22,LV_secondary_T2_T4,CONSTRAINED
6241,0.24,0,196,196,0.0,196.0,T2,LV_secondary_T2_T4,CONSTRAINED
748,0.24,0,33,33,76.88,0.4292403746097815,T8,Main_735-750,SAFE
748,0.24,0,118,118,76.88,1.534859521331946,T8,Main_735-750,CAUTION
710,0.208,0,71,71,80.0,0.8875,T17,Branch_701-708,SAFE
6241,0.24,11,249,260,0.0,260.0,T2,LV_secondary_T2_T4,CONSTRAINED
6252,0.24,0,114,114,0.0,114.0,T2,LV_secondary_T2_T4,CONSTRAINED
6212,0.24,0,241,241,0.0,241.0,T2,LV_secondary_T2_T4,CONSTRAINED
759,0.24,14,122,136,35.0,3.8857142857142857,T12,Branch_752-765,CAUTION
739,0.24,0,201,201,41.1,4.890510948905109,T6,Main_735-750,CONSTRAINED
7121,0.24,0,66,66,0.0,66.0,T18,LV_secondary_T2_T4,SAFE
6221,0.24,0,181,181,0.0,181.0,T2,LV_secondary_T2_T4,CONSTRAINED
6262,0.24,0,40,40,0.0,40.0,T2,LV_secondary_T2_T4,CAUTION
722,0.24,0,105,105,0.0,105.0,-,Main_720-734,CONSTRAINED
720,0.24,0,68,68,66.0,1.0303030303030303,T2,Main_720-734,SAFE
6201,0.24,15,125,140,0.0,140.0,T2,LV_secondary_T2_T4,CAUTION
7692,0.24,6,129,135,0.0,135.0,T22,LV_secondary_T2_T4,CAUTION
733,0.24,0,50,50,0.0,50.0,-,Main_720-734,CAUTION
7393,0.24,0,212,212,0.0,212.0,T6,LV_secondary_T2_T4,CONSTRAINED
7691,0.24,0,148,148,0.0,148.0,T22,LV_secondary_T2_T4,CAUTION
720,0.24,15,40,55,66.0,0.8333333333333334,T2,Main_720-734,SAFE
772,0.208,0,151,151,100.0,1.51,T19,Delta_766-772,CAUTION
7392,0.24,0,241,241,0.0,241.0,T6,LV_secondary_T2_T4,CONSTRAINED
762,0.48,0,74,74,45.0,1.6444444444444444,T13,Branch_752-765,CAUTION
622,0.24,0,165,165,0.0,165.0,T2,LV_secondary_T2_T4,CONSTRAINED
6201,0.24,0,146,146,0.0,146.0,T2,LV_secondary_T2_T4,CAUTION
743,0.24,0,190,190,240.0,0.7916666666666666,T7,Main_735-750,SAFE
621,0.24,0,38,38,0.0,38.0,T2,LV_secondary_T2_T4,SAFE
6202,0.24,0,249,249,0.0,249.0,T2,LV_secondary_T2_T4,CAUTION
6322,0.24,0,163,163,0.0,163.0,T4,LV_secondary_T2_T4,CAUTION
7122,0.24,0,196,196,0.0,196.0,T18,LV_secondary_T2_T4,CAUTION
6331,0.24,5,32,37,0.0,37.0,T4,LV_secondary_T2_T4,CAUTION
721,0.24,0,129,129,0.0,129.0,-,Main_720-734,CAUTION
728,0.24,0,182,182,38.0,4.7894736842105265,T3,Main_720-734,CONSTRAINED
6242,0.24,0,246,246,0.0,246.0,T2,LV_secondary_T2_T4,CONSTRAINED
723,0.24,0,92,92,0.0,92.0,-,Main_720-734,CONSTRAINED
759,0.24,0,241,241,35.0,6.885714285714286,T12,Branch_752-765,CONSTRAINED
6261,0.24,8,208,216,0.0,216.0,T2,LV_secondary_T2_T4,CONSTRAINED
715,0.208,13,190,203,0.0,203.0,-,Branch_701-708,SAFE
6211,0.24,0,138,138,0.0,138.0,T2,LV_secondary_T2_T4,CAUTION
722,0.24,0,161,161,0.0,161.0,-,Main_720-734,CONSTRAINED
721,0.24,0,126,126,0.0,126.0,-,Main_720-734,CAUTION
728,0.24,7,97,104,38.0,2.736842105263158,T3,Main_720-734,CAUTION
712,0.24,0,35,35,65.0,0.5384615384615384,T18,Branch_701-708,SAFE
751,0.48,10,157,167,0.0,167.0,T9,other,SAFE
769,0.24,12,153,165,41.0,4.024390243902439,T22,Delta_766-772,CAUTION
751,0.48,15,149,164,0.0,164.0,T9,other,SAFE
6331,0.24,0,110,110,0.0,110.0,T4,LV_secondary_T2_T4,CONSTRAINED
7121,0.24,0,173,173,0.0,173.0,T18,LV_secondary_T2_T4,CAUTION
6332,0.24,0,77,77,0.0,77.0,T4,LV_secondary_T2_T4,CAUTION
769,0.24,0,226,226,41.0,5.512195121951219,T22,Delta_766-772,CONSTRAINED
6321,0.24,14,200,214,0.0,214.0,T4,LV_secondary_T2_T4,CONSTRAINED
769,0.24,6,160,166,41.0,4.048780487804878,T22,Delta_766-772,CAUTION
720,0.24,9,182,191,66.0,2.893939393939394,T2,Main_720-734,CAUTION
726,0.24,0,45,45,0.0,45.0,-,Main_720-734,CAUTION
759,0.24,4,92,96,35.0,2.742857142857143,T12,Branch_752-765,CAUTION
6322,0.24,0,40,40,0.0,40.0,T4,LV_secondary_T2_T4,SAFE
632,0.24,0,194,194,0.0,194.0,T4,LV_secondary_T2_T4,CONSTRAINED
708,0.24,0,225,225,75.0,3.0,T16,Branch_701-708,CAUTION
6331,0.24,5,92,97,0.0,97.0,T4,LV_secondary_T2_T4,CAUTION
769,0.24,0,124,124,41.0,3.024390243902439,T22,Delta_766-772,CAUTION
772,0.208,0,242,242,100.0,2.42,T19,Delta_766-772,CAUTION
620,0.24,0,17,17,0.0,17.0,T2,LV_secondary_T2_T4,SAFE
751,0.48,0,92,92,0.0,92.0,T9,other,SAFE
7481,0.24,0,245,245,0.0,245.0,T8,LV_secondary_T2_T4,CONSTRAINED
6221,0.24,12,156,168,0.0,168.0,T2,LV_secondary_T2_T4,CONSTRAINED
7692,0.24,4,242,246,0.0,246.0,T22,LV_secondary_T2_T4,CONSTRAINED
625,0.24,0,158,158,0.0,158.0,T2,LV_secondary_T2_T4,CONSTRAINED
6242,0.24,0,188,188,0.0,188.0,T2,LV_secondary_T2_T4,CONSTRAINED
6232,0.24,15,225,240,0.0,240.0,T2,LV_secondary_T2_T4,CONSTRAINED
720,0.24,7,134,141,66.0,2.1363636363636362,T2,Main_720-734,CAUTION
722,0.24,14,190,204,0.0,204.0,-,Main_720-734,CONSTRAINED
6251,0.24,9,142,151,0.0,151.0,T2,LV_secondary_T2_T4,CONSTRAINED
7393,0.24,0,9,9,0.0,9.0,T6,LV_secondary_T2_T4,SAFE
759,0.24,0,54,54,35.0,1.542857142857143,T12,Branch_752-765,CAUTION
7693,0.24,9,157,166,0.0,166.0,T22,LV_secondary_T2_T4,CAUTION
743,0.24,10,207,217,240.0,0.9041666666666667,T7,Main_735-750,SAFE
748,0.24,0,105,105,76.88,1.3657648283038502,T8,Main_735-750,CAUTION
7393,0.24,0,102,102,0.0,102.0,T6,LV_secondary_T2_T4,CAUTION
6232,0.24,0,248,248,0.0,248.0,T2,LV_secondary_T2_T4,CONSTRAINED
728,0.24,15,23,38,38.0,1.0,T3,Main_720-734,SAFE
722,0.24,0,79,79,0.0,79.0,-,Main_720-734,CONSTRAINED
6231,0.24,0,161,161,0.0,161.0,T2,LV_secondary_T2_T4,CONSTRAINED
725,0.24,11,185,196,0.0,196.0,-,Main_720-734,CONSTRAINED
764,0.24,0,90,90,46.0,1.9565217391304348,T14,Branch_752-765,CAUTION
759,0.24,0,73,73,35.0,2.085714285714286,T12,Branch_752-765,CAUTION
626,0.24,0,113,113,0.0,113.0,T2,LV_secondary_T2_T4,CONSTRAINED
7642,0.24,0,7,7,0.0,7.0,T14,LV_secondary_T2_T4,SAFE
734,0.24,0,207,207,15.85,13.05993690851735,-,Main_720-734,CONSTRAINED
743,0.24,0,42,42,240.0,0.175,T7,Main_735-750,SAFE
724,0.24,0,164,164,0.0,164.0,-,Main_720-734,CONSTRAINED
7121,0.24,9,91,100,0.0,100.0,T18,LV_secondary_T2_T4,CAUTION
751,0.48,0,185,185,0.0,185.0,T9,other,SAFE
730,0.24,0,206,206,85.0,2.4235294117647057,T23,Main_720-734,CAUTION
751,0.48,0,95,95,0.0,95.0,T9,other,SAFE
6331,0.24,0,38,38,0.0,38.0,T4,LV_secondary_T2_T4,CAUTION
7482,0.24,0,130,130,0.0,130.0,T8,LV_secondary_T2_T4,CAUTION
724,0.24,0,97,97,0.0,97.0,-,Main_720-734,CAUTION
770,0.24,0,217,217,450.0,0.4822222222222222,T15,Delta_766-772,SAFE
769,0.24,0,203,203,41.0,4.951219512195122,T22,Delta_766-772,CONSTRAINED
728,0.24,8,9,17,38.0,0.4473684210526316,T3,Main_720-734,SAFE
6242,0.24,0,119,119,0.0,119.0,T2,LV_secondary_T2_T4,CAUTION
723,0.24,0,5,5,0.0,5.0,-,Main_720-734,SAFE
714,0.208,0,119,119,240.0,0.49583333333333335,T24,Branch_701-708,SAFE
6241,0.24,0,200,200,0.0,200.0,T2,LV_secondary_T2_T4,CONSTRAINED
726,0.24,5,192,197,0.0,197.0,-,Main_720-734,CONSTRAINED
748,0.24,0,9,9,76.88,0.1170655567117586,T8,Main_735-750,SAFE
6262,0.24,0,207,207,0.0,207.0,T2,LV_secondary_T2_T4,CONSTRAINED
6241,0.24,3,146,149,0.0,149.0,T2,LV_secondary_T2_T4,CONSTRAINED
6262,0.24,0,195,195,0.0,195.0,T2,LV_secondary_T2_T4,CONSTRAINED
715,0.208,0,65,65,0.0,65.0,-,Branch_701-708,SAFE
759,0.24,0,59,59,35.0,1.6857142857142857,T12,Branch_752-765,CAUTION
6222,0.24,15,42,57,0.0,57.0,T2,LV_secondary_T2_T4,CAUTION
6321,0.24,0,244,244,0.0,244.0,T4,LV_secondary_T2_T4,CONSTRAINED
6212,0.24,11,102,113,0.0,113.0,T2,LV_secondary_T2_T4,CAUTION
733,0.24,0,223,223,0.0,223.0,-,Main_720-734,CONSTRAINED
6252,0.24,0,174,174,0.0,174.0,T2,LV_secondary_T2_T4,CONSTRAINED
7481,0.24,0,9,9,0.0,9.0,T8,LV_secondary_T2_T4,SAFE
722,0.24,0,235,235,0.0,235.0,-,Main_720-734,CONSTRAINED
625,0.24,0,170,170,0.0,170.0,T2,LV_secondary_T2_T4,CONSTRAINED
708,0.24,0,135,135,75.0,1.8,T16,Branch_701-708,CAUTION
728,0.24,5,31,36,38.0,0.9473684210526315,T3,Main_720-734,SAFE
7393,0.24,0,111,111,0.0,111.0,T6,LV_secondary_T2_T4,CAUTION
6242,0.24,0,142,142,0.0,142.0,T2,LV_secondary_T2_T4,CAUTION
743,0.24,0,220,220,240.0,0.9166666666666666,T7,Main_735-750,SAFE
6322,0.24,11,32,43,0.0,43.0,T4,LV_secondary_T2_T4,SAFE
756,0.208,0,152,152,155.0,0.9806451612903225,T11,Branch_752-765,SAFE
764,0.24,0,101,101,46.0,2.1956521739130435,T14,Branch_752-765,CAUTION
6251,0.24,0,160,160,0.0,160.0,T2,LV_secondary_T2_T4,CONSTRAINED
7643,0.24,0,176,176,0.0,176.0,T14,LV_secondary_T2_T4,CAUTION
748,0.24,0,246,246,76.88,3.199791883454735,T8,Main_735-750,CONSTRAINED
6232,0.24,0,171,171,0.0,171.0,T2,LV_secondary_T2_T4,CONSTRAINED
7393,0.24,0,75,75,0.0,75.0,T6,LV_secondary_T2_T4,CAUTION
6261,0.24,11,14,25,0.0,25.0,T2,LV_secondary_T2_T4,SAFE
6332,0.24,15,179,194,0.0,194.0,T4,LV_secondary_T2_T4,CONSTRAINED
770,0.24,0,159,159,450.0,0.35333333333333333,T15,Delta_766-772,SAFE
7642,0.24,0,179,179,0.0,179.0,T14,LV_secondary_T2_T4,CAUTION
730,0.24,8,172,180,85.0,2.1176470588235294,T23,Main_720-734,CAUTION
6232,0.24,6,159,165,0.0,165.0,T2,LV_secondary_T2_T4,CONSTRAINED
7693,0.24,6,115,121,0.0,121.0,T22,LV_secondary_T2_T4,CAUTION
6332,0.24,0,15,15,0.0,15.0,T4,LV_secondary_T2_T4,SAFE
751,0.48,12,222,234,0.0,234.0,T9,other,SAFE
764,0.24,0,151,151,46.0,3.282608695652174,T14,Branch_752-765,CAUTION
756,0.208,0,44,44,155.0,0.2838709677419355,T11,Branch_752-765,SAFE
762,0.48,0,200,200,45.0,4.444444444444445,T13,Branch_752-765,CONSTRAINED
724,0.24,0,84,84,0.0,84.0,-,Main_720-734,CAUTION
714,0.208,0,197,197,240.0,0.8208333333333333,T24,Branch_701-708,SAFE
6242,0.24,0,19,19,0.0,19.0,T2,LV_secondary_T2_T4,SAFE
7641,0.24,5,226,231,0.0,231.0,T14,LV_secondary_T2_T4,CONSTRAINED
708,0.24,0,235,235,75.0,3.1333333333333333,T16,Branch_701-708,CAUTION
7692,0.24,9,205,214,0.0,214.0,T22,LV_secondary_T2_T4,CONSTRAINED
734,0.24,0,200,200,15.85,12.618296529968454,-,Main_720-734,CONSTRAINED
769,0.24,10,23,33,41.0,0.8048780487804879,T22,Delta_766-772,SAFE
6232,0.24,0,43,43,0.0,43.0,T2,LV_secondary_T2_T4,CAUTION
762,0.48,0,101,101,45.0,2.2444444444444445,T13,Branch_752-765,CAUTION
748,0.24,0,170,170,76.88,2.211238293444329,T8,Main_735-750,CAUTION
7391,0.24,0,93,93,0.0,93.0,T6,LV_secondary_T2_T4,CAUTION
6252,0.24,0,247,247,0.0,247.0,T2,LV_secondary_T2_T4,CONSTRAINED
632,0.24,4,222,226,0.0,226.0,T4,LV_secondary_T2_T4,CONSTRAINED
764,0.24,14,180,194,46.0,4.217391304347826,T14,Branch_752-765,CONSTRAINED
726,0.24,0,165,165,0.0,165.0,-,Main_720-734,CONSTRAINED
715,0.208,0,246,246,0.0,246.0,-,Branch_701-708,SAFE
6242,0.24,0,239,239,0.0,239.0,T2,LV_secondary_T2_T4,CONSTRAINED
6262,0.24,4,37,41,0.0,41.0,T2,LV_secondary_T2_T4,CAUTION
710,0.208,0,68,68,80.0,0.85,T17,Branch_701-708,SAFE
725,0.24,0,244,244,0.0,244.0,-,Main_720-734,CONSTRAINED
732,0.24,0,247,247,25.4,9.724409448818898,T4,Main_720-734,CONSTRAINED
712,0.24,0,62,62,65.0,0.9538461538461539,T18,Branch_701-708,SAFE
7122,0.24,0,56,56,0.0,56.0,T18,LV_secondary_T2_T4,SAFE
7692,0.24,0,203,203,0.0,203.0,T22,LV_secondary_T2_T4,CONSTRAINED
6262,0.24,0,26,26,0.0,26.0,T2,LV_secondary_T2_T4,SAFE
625,0.24,3,85,88,0.0,88.0,T2,LV_secondary_T2_T4,CONSTRAINED
7122,0.24,0,202,202,0.0,202.0,T18,LV_secondary_T2_T4,CAUTION
6242,0.24,0,80,80,0.0,80.0,T2,LV_secondary_T2_T4,CAUTION
7481,0.24,0,192,192,0.0,192.0,T8,LV_secondary_T2_T4,CAUTION
626,0.24,8,62,70,0.0,70.0,T2,LV_secondary_T2_T4,CONSTRAINED
6222,0.24,0,31,31,0.0,31.0,T2,LV_secondary_T2_T4,SAFE
621,0.24,0,28,28,0.0,28.0,T2,LV_secondary_T2_T4,SAFE
7121,0.24,0,80,80,0.0,80.0,T18,LV_secondary_T2_T4,CAUTION
728,0.24,0,137,137,38.0,3.6052631578947367,T3,Main_720-734,CONSTRAINED
6332,0.24,0,102,102,0.0,102.0,T4,LV_secondary_T2_T4,CAUTION
772,0.208,14,186,200,100.0,2.0,T19,Delta_766-772,CAUTION
7642,0.24,7,162,169,0.0,169.0,T14,LV_secondary_T2_T4,CAUTION
6221,0.24,0,84,84,0.0,84.0,T2,LV_secondary_T2_T4,CONSTRAINED
715,0.208,8,77,85,0.0,85.0,-,Branch_701-708,SAFE
7483,0.24,0,179,179,0.0,179.0,T8,LV_secondary_T2_T4,CAUTION
726,0.24,0,189,189,0.0,189.0,-,Main_720-734,CONSTRAINED
6241,0.24,0,86,86,0.0,86.0,T2,LV_secondary_T2_T4,CAUTION
710,0.208,0,118,118,80.0,1.475,T17,Branch_701-708,CAUTION
626,0.24,0,71,71,0.0,71.0,T2,LV_secondary_T2_T4,CONSTRAINED
708,0.24,0,109,109,75.0,1.4533333333333334,T16,Branch_701-708,CAUTION
6251,0.24,15,215,230,0.0,230.0,T2,LV_secondary_T2_T4,CONSTRAINED
728,0.24,3,219,222,38.0,5.842105263157895,T3,Main_720-734,CONSTRAINED
769,0.24,0,137,137,41.0,3.341463414634146,T22,Delta_766-772,CAUTION
6252,0.24,0,152,152,0.0,152.0,T2,LV_secondary_T2_T4,CONSTRAINED
770,0.24,0,82,82,450.0,0.18222222222222223,T15,Delta_766-772,SAFE
7691,0.24,5,123,128,0.0,128.0,T22,LV_secondary_T2_T4,CAUTION
772,0.208,0,12,12,100.0,0.12,T19,Delta_766-772,SAFE
7122,0.24,0,242,242,0.0,242.0,T18,LV_secondary_T2_T4,CAUTION
7122,0.24,0,199,199,0.0,199.0,T18,LV_secondary_T2_T4,CAUTION
6241,0.24,0,42,42,0.0,42.0,T2,LV_secondary_T2_T4,SAFE
764,0.24,0,34,34,46.0,0.7391304347826086,T14,Branch_752-765,SAFE
6251,0.24,0,190,190,0.0,190.0,T2,LV_secondary_T2_T4,CONSTRAINED
6232,0.24,0,198,198,0.0,198.0,T2,LV_secondary_T2_T4,CONSTRAINED
715,0.208,0,233,233,0.0,233.0,-,Branch_701-708,SAFE
7391,0.24,0,213,213,0.0,213.0,T6,LV_secondary_T2_T4,CONSTRAINED
6212,0.24,0,29,29,0.0,29.0,T2,LV_secondary_T2_T4,SAFE
7481,0.24,13,194,207,0.0,207.0,T8,LV_secondary_T2_T4,CAUTION
6222,0.24,0,250,250,0.0,250.0,T2,LV_secondary_T2_T4,CONSTRAINED
6242,0.24,0,248,248,0.0,248.0,T2,LV_secondary_T2_T4,CONSTRAINED
7481,0.24,10,142,152,0.0,152.0,T8,LV_secondary_T2_T4,CAUTION
6211,0.24,6,170,176,0.0,176.0,T2,LV_secondary_T2_T4,CONSTRAINED
708,0.24,0,246,246,75.0,3.28,T16,Branch_701-708,CAUTION
708,0.24,0,101,101,75.0,1.3466666666666667,T16,Branch_701-708,CAUTION
733,0.24,11,56,67,0.0,67.0,-,Main_720-734,CAUTION
770,0.24,0,73,73,450.0,0.1622222222222222,T15,Delta_766-772,SAFE
620,0.24,0,42,42,0.0,42.0,T2,LV_secondary_T2_T4,SAFE
7643,0.24,0,210,210,0.0,210.0,T14,LV_secondary_T2_T4,CONSTRAINED
728,0.24,0,171,171,38.0,4.5,T3,Main_720-734,CONSTRAINED
724,0.24,0,223,223,0.0,223.0,-,Main_720-734,CONSTRAINED
710,0.208,4,115,119,80.0,1.4875,T17,Branch_701-708,CAUTION
7122,0.24,0,188,188,0.0,188.0,T18,LV_secondary_T2_T4,CAUTION
721,0.24,0,167,167,0.0,167.0,-,Main_720-734,CONSTRAINED
728,0.24,13,123,136,38.0,3.5789473684210527,T3,Main_720-734,CONSTRAINED
772,0.208,4,29,33,100.0,0.33,T19,Delta_766-772,SAFE
6212,0.24,0,95,95,0.0,95.0,T2,LV_secondary_T2_T4,CAUTION
7392,0.24,0,126,126,0.0,126.0,T6,LV_secondary_T2_T4,CAUTION
7122,0.24,0,215,215,0.0,215.0,T18,LV_secondary_T2_T4,CAUTION
7121,0.24,0,81,81,0.0,81.0,T18,LV_secondary_T2_T4,CAUTION
710,0.208,0,108,108,80.0,1.35,T17,Branch_701-708,CAUTION
625,0.24,0,124,124,0.0,124.0,T2,LV_secondary_T2_T4,CONSTRAINED
7481,0.24,0,89,89,0.0,89.0,T8,LV_secondary_T2_T4,CAUTION
6331,0.24,0,215,215,0.0,215.0,T4,LV_secondary_T2_T4,CONSTRAINED
7692,0.24,0,102,102,0.0,102.0,T22,LV_secondary_T2_T4,CAUTION
7481,0.24,0,72,72,0.0,72.0,T8,LV_secondary_T2_T4,SAFE
722,0.24,0,20,20,0.0,20.0,-,Main_720-734,SAFE
6331,0.24,0,83,83,0.0,83.0,T4,LV_secondary_T2_T4,CAUTION
772,0.208,0,77,77,100.0,0.77,T19,Delta_766-772,SAFE
633,0.24,0,79,79,0.0,79.0,T4,LV_secondary_T2_T4,CAUTION
6261,0.24,3,173,176,0.0,176.0,T2,LV_secondary_T2_T4,CONSTRAINED
739,0.24,0,121,121,41.1,2.944038929440389,T6,Main_735-750,CAUTION
726,0.24,0,12,12,0.0,12.0,-,Main_720-734,SAFE
723,0.24,0,79,79,0.0,79.0,-,Main_720-734,CONSTRAINED
715,0.208,0,242,242,0.0,242.0,-,Branch_701-708,SAFE
716,0.48,13,229,242,15.85,15.26813880126183,T24(HV),Branch_701-708,CONSTRAINED
7393,0.24,11,244,255,0.0,255.0,T6,LV_secondary_T2_T4,CONSTRAINED
748,0.24,0,38,38,76.88,0.49427679500520294,T8,Main_735-750,SAFE
740,0.24,0,129,129,75.0,1.72,T5,Main_735-750,CAUTION
770,0.24,3,81,84,450.0,0.18666666666666668,T15,Delta_766-772,SAFE
633,0.24,0,103,103,0.0,103.0,T4,LV_secondary_T2_T4,CAUTION
740,0.24,0,215,215,75.0,2.8666666666666667,T5,Main_735-750,CAUTION
770,0.24,0,133,133,450.0,0.29555555555555557,T15,Delta_766-772,SAFE
715,0.208,0,160,160,0.0,160.0,-,Branch_701-708,SAFE
620,0.24,3,64,67,0.0,67.0,T2,LV_secondary_T2_T4,SAFE
7641,0.24,0,186,186,0.0,186.0,T14,LV_secondary_T2_T4,CAUTION
724,0.24,0,154,154,0.0,154.0,-,Main_720-734,CONSTRAINED
6242,0.24,0,49,49,0.0,49.0,T2,LV_secondary_T2_T4,SAFE
743,0.24,14,152,166,240.0,0.6916666666666667,T7,Main_735-750,SAFE
6242,0.24,0,241,241,0.0,241.0,T2,LV_secondary_T2_T4,CONSTRAINED
6332,0.24,0,24,24,0.0,24.0,T4,LV_secondary_T2_T4,SAFE
728,0.24,0,156,156,38.0,4.105263157894737,T3,Main_720-734,CONSTRAINED
751,0.48,0,153,153,0.0,153.0,T9,other,SAFE
7122,0.24,0,225,225,0.0,225.0,T18,LV_secondary_T2_T4,CAUTION
724,0.24,0,14,14,0.0,14.0,-,Main_720-734,SAFE
762,0.48,4,100,104,45.0,2.311111111111111,T13,Branch_752-765,CAUTION
6321,0.24,0,193,193,0.0,193.0,T4,LV_secondary_T2_T4,CONSTRAINED
710,0.208,0,93,93,80.0,1.1625,T17,Branch_701-708,CAUTION
721,0.24,0,156,156,0.0,156.0,-,Main_720-734,CONSTRAINED
6261,0.24,0,232,232,0.0,232.0,T2,LV_secondary_T2_T4,CONSTRAINED
621,0.24,4,132,136,0.0,136.0,T2,LV_secondary_T2_T4,CAUTION
6212,0.24,0,237,237,0.0,237.0,T2,LV_secondary_T2_T4,CONSTRAINED
751,0.48,0,31,31,0.0,31.0,T9,other,SAFE
6242,0.24,0,236,236,0.0,236.0,T2,LV_secondary_T2_T4,CONSTRAINED
6332,0.24,0,215,215,0.0,215.0,T4,LV_secondary_T2_T4,CONSTRAINED
769,0.24,0,130,130,41.0,3.1707317073170733,T22,Delta_766-772,CAUTION
710,0.208,0,154,154,80.0,1.925,T17,Branch_701-708,CAUTION
732,0.24,0,101,101,25.4,3.9763779527559056,T4,Main_720-734,CAUTION
7481,0.24,3,163,166,0.0,166.0,T8,LV_secondary_T2_T4,CAUTION
632,0.24,0,127,127,0.0,127.0,T4,LV_secondary_T2_T4,CAUTION
730,0.24,0,25,25,85.0,0.29411764705882354,T23,Main_720-734,SAFE
6251,0.24,0,211,211,0.0,211.0,T2,LV_secondary_T2_T4,CONSTRAINED
714,0.208,0,182,182,240.0,0.7583333333333333,T24,Branch_701-708,SAFE
725,0.24,0,249,249,0.0,249.0,-,Main_720-734,CONSTRAINED
734,0.24,0,109,109,15.85,6.8769716088328074,-,Main_720-734,CONSTRAINED
6241,0.24,11,207,218,0.0,218.0,T2,LV_secondary_T2_T4,CONSTRAINED
7121,0.24,0,235,235,0.0,235.0,T18,LV_secondary_T2_T4,CAUTION
740,0.24,13,228,241,75.0,3.2133333333333334,T5,Main_735-750,CONSTRAINED
710,0.208,0,29,29,80.0,0.3625,T17,Branch_701-708,SAFE
6251,0.24,0,203,203,0.0,203.0,T2,LV_secondary_T2_T4,CONSTRAINED
751,0.48,0,132,132,0.0,132.0,T9,other,SAFE
748,0.24,0,129,129,76.88,1.6779396462018732,T8,Main_735-750,CAUTION
7692,0.24,12,211,223,0.0,223.0,T22,LV_secondary_T2_T4,CONSTRAINED
7483,0.24,0,20,20,0.0,20.0,T8,LV_secondary_T2_T4,SAFE
764,0.24,0,78,78,46.0,1.6956521739130435,T14,Branch_752-765,CAUTION
715,0.208,0,177,177,0.0,177.0,-,Branch_701-708,SAFE
6261,0.24,11,88,99,0.0,99.0,T2,LV_secondary_T2_T4,CONSTRAINED
632,0.24,9,134,143,0.0,143.0,T4,LV_secondary_T2_T4,CAUTION
6201,0.24,6,90,96,0.0,96.0,T2,LV_secondary_T2_T4,CAUTION
6321,0.24,12,29,41,0.0,41.0,T4,LV_secondary_T2_T4,SAFE
7481,0.24,15,67,82,0.0,82.0,T8,LV_secondary_T2_T4,SAFE
7691,0.24,0,165,165,0.0,165.0,T22,LV_secondary_T2_T4,CAUTION
748,0.24,7,146,153,76.88,1.990114464099896,T8,Main_735-750,CAUTION
6211,0.24,0,227,227,0.0,227.0,T2,LV_secondary_T2_T4,CONSTRAINED
7121,0.24,0,115,115,0.0,115.0,T18,LV_secondary_T2_T4,CAUTION
633,0.24,11,201,212,0.0,212.0,T4,LV_secondary_T2_T4,CONSTRAINED
740,0.24,0,95,95,75.0,1.2666666666666666,T5,Main_735-750,CAUTION
6212,0.24,11,121,132,0.0,132.0,T2,LV_secondary_T2_T4,CAUTION
7393,0.24,0,156,156,0.0,156.0,T6,LV_secondary_T2_T4,CAUTION
6321,0.24,0,233,233,0.0,233.0,T4,LV_secondary_T2_T4,CONSTRAINED
6231,0.24,0,205,205,0.0,205.0,T2,LV_secondary_T2_T4,CONSTRAINED
732,0.24,11,134,145,25.4,5.708661417322835,T4,Main_720-734,CAUTION
7121,0.24,0,208,208,0.0,208.0,T18,LV_secondary_T2_T4,CAUTION
714,0.208,11,230,241,240.0,1.0041666666666667,T24,Branch_701-708,SAFE
6262,0.24,0,124,124,0.0,124.0,T2,LV_secondary_T2_T4,CONSTRAINED
772,0.208,0,42,42,100.0,0.42,T19,Delta_766-772,SAFE
723,0.24,0,112,112,0.0,112.0,-,Main_720-734,CONSTRAINED
740,0.24,0,48,48,75.0,0.64,T5,Main_735-750,SAFE
722,0.24,0,14,14,0.0,14.0,-,Main_720-734,SAFE
7483,0.24,0,176,176,0.0,176.0,T8,LV_secondary_T2_T4,CAUTION
726,0.24,0,183,183,0.0,183.0,-,Main_720-734,CONSTRAINED
715,0.208,0,237,237,0.0,237.0,-,Branch_701-708,SAFE
620,0.24,0,40,40,0.0,40.0,T2,LV_secondary_T2_T4,SAFE
6322,0.24,0,103,103,0.0,103.0,T4,LV_secondary_T2_T4,CAUTION
632,0.24,0,121,121,0.0,121.0,T4,LV_secondary_T2_T4,CAUTION
739,0.24,0,70,70,41.1,1.70316301703163,T6,Main_735-750,CAUTION
6211,0.24,15,95,110,0.0,110.0,T2,LV_secondary_T2_T4,CAUTION
6211,0.24,0,214,214,0.0,214.0,T2,LV_secondary_T2_T4,CONSTRAINED
6232,0.24,8,185,193,0.0,193.0,T2,LV_secondary_T2_T4,CONSTRAINED
739,0.24,15,19,34,41.1,0.8272506082725061,T6,Main_735-750,SAFE
759,0.24,15,108,123,35.0,3.5142857142857142,T12,Branch_752-765,CAUTION
6221,0.24,0,215,215,0.0,215.0,T2,LV_secondary_T2_T4,CONSTRAINED
714,0.208,0,36,36,240.0,0.15,T24,Branch_701-708,SAFE
751,0.48,7,201,208,0.0,208.0,T9,other,SAFE
769,0.24,14,28,42,41.0,1.024390243902439,T22,Delta_766-772,SAFE
743,0.24,0,56,56,240.0,0.23333333333333334,T7,Main_735-750,SAFE
726,0.24,15,108,123,0.0,123.0,-,Main_720-734,CONSTRAINED
712,0.24,0,28,28,65.0,0.4307692307692308,T18,Branch_701-708,SAFE
730,0.24,0,132,132,85.0,1.5529411764705883,T23,Main_720-734,CAUTION
6221,0.24,12,15,27,0.0,27.0,T2,LV_secondary_T2_T4,SAFE
7121,0.24,0,47,47,0.0,47.0,T18,LV_secondary_T2_T4,SAFE
7483,0.24,0,5,5,0.0,5.0,T8,LV_secondary_T2_T4,SAFE
710,0.208,5,233,238,80.0,2.975,T17,Branch_701-708,CAUTION
6242,0.24,0,124,124,0.0,124.0,T2,LV_secondary_T2_T4,CAUTION
6222,0.24,5,186,191,0.0,191.0,T2,LV_secondary_T2_T4,CONSTRAINED
6212,0.24,9,210,219,0.0,219.0,T2,LV_secondary_T2_T4,CONSTRAINED
722,0.24,5,17,22,0.0,22.0,-,Main_720-734,SAFE
7693,0.24,0,60,60,0.0,60.0,T22,LV_secondary_T2_T4,CAUTION
710,0.208,0,140,140,80.0,1.75,T17,Branch_701-708,CAUTION
6241,0.24,0,140,140,0.0,140.0,T2,LV_secondary_T2_T4,CAUTION
756,0.208,12,17,29,155.0,0.1870967741935484,T11,Branch_752-765,SAFE
7121,0.24,0,169,169,0.0,169.0,T18,LV_secondary_T2_T4,CAUTION
772,0.208,14,159,173,100.0,1.73,T19,Delta_766-772,CAUTION
6212,0.24,0,150,150,0.0,150.0,T2,LV_secondary_T2_T4,CONSTRAINED
7641,0.24,0,116,116,0.0,116.0,T14,LV_secondary_T2_T4,CAUTION
732,0.24,0,176,176,25.4,6.929133858267717,T4,Main_720-734,CAUTION
7393,0.24,0,141,141,0.0,141.0,T6,LV_secondary_T2_T4,CAUTION
6262,0.24,15,137,152,0.0,152.0,T2,LV_secondary_T2_T4,CONSTRAINED
6321,0.24,9,131,140,0.0,140.0,T4,LV_secondary_T2_T4,CAUTION
724,0.24,13,24,37,0.0,37.0,-,Main_720-734,SAFE
625,0.24,0,61,61,0.0,61.0,T2,LV_secondary_T2_T4,CAUTION
740,0.24,11,104,115,75.0,1.5333333333333334,T5,Main_735-750,CAUTION
748,0.24,0,222,222,76.88,2.8876170655567117,T8,Main_735-750,CONSTRAINED
6202,0.24,6,75,81,0.0,81.0,T2,LV_secondary_T2_T4,CAUTION
714,0.208,0,93,93,240.0,0.3875,T24,Branch_701-708,SAFE
759,0.24,0,81,81,35.0,2.3142857142857145,T12,Branch_752-765,CAUTION
7693,0.24,12,128,140,0.0,140.0,T22,LV_secondary_T2_T4,CAUTION
715,0.208,0,174,174,0.0,174.0,-,Branch_701-708,SAFE
723,0.24,0,188,188,0.0,188.0,-,Main_720-734,CONSTRAINED
6331,0.24,0,140,140,0.0,140.0,T4,LV_secondary_T2_T4,CONSTRAINED
6222,0.24,0,142,142,0.0,142.0,T2,LV_secondary_T2_T4,CONSTRAINED
714,0.208,6,165,171,240.0,0.7125,T24,Branch_701-708,SAFE
7692,0.24,0,113,113,0.0,113.0,T22,LV_secondary_T2_T4,CAUTION
721,0.24,0,80,80,0.0,80.0,-,Main_720-734,CAUTION
622,0.24,0,110,110,0.0,110.0,T2,LV_secondary_T2_T4,CONSTRAINED
7693,0.24,0,45,45,0.0,45.0,T22,LV_secondary_T2_T4,SAFE
730,0.24,0,26,26,85.0,0.3058823529411765,T23,Main_720-734,SAFE
770,0.24,0,35,35,450.0,0.07777777777777778,T15,Delta_766-772,SAFE
733,0.24,10,212,222,0.0,222.0,-,Main_720-734,CONSTRAINED
7483,0.24,0,54,54,0.0,54.0,T8,LV_secondary_T2_T4,SAFE
6261,0.24,9,91,100,0.0,100.0,T2,LV_secondary_T2_T4,CONSTRAINED
6321,0.24,0,81,81,0.0,81.0,T4,LV_secondary_T2_T4,CAUTION
726,0.24,0,77,77,0.0,77.0,-,Main_720-734,CONSTRAINED
7481,0.24,0,126,126,0.0,126.0,T8,LV_secondary_T2_T4,CAUTION
6252,0.24,0,223,223,0.0,223.0,T2,LV_secondary_T2_T4,CONSTRAINED
725,0.24,0,89,89,0.0,89.0,-,Main_720-734,CONSTRAINED
759,0.24,15,50,65,35.0,1.8571428571428572,T12,Branch_752-765,CAUTION
764,0.24,0,229,229,46.0,4.978260869565218,T14,Branch_752-765,CONSTRAINED
6201,0.24,0,28,28,0.0,28.0,T2,LV_secondary_T2_T4,SAFE
633,0.24,13,15,28,0.0,28.0,T4,LV_secondary_T2_T4,SAFE
7393,0.24,0,246,246,0.0,246.0,T6,LV_secondary_T2_T4,CONSTRAINED
7122,0.24,11,139,150,0.0,150.0,T18,LV_secondary_T2_T4,CAUTION
724,0.24,0,247,247,0.0,247.0,-,Main_720-734,CONSTRAINED
6262,0.24,14,44,58,0.0,58.0,T2,LV_secondary_T2_T4,CONSTRAINED
748,0.24,0,176,176,76.88,2.2892819979188346,T8,Main_735-750,CAUTION
732,0.24,0,126,126,25.4,4.960629921259843,T4,Main_720-734,CAUTION
730,0.24,0,173,173,85.0,2.0352941176470587,T23,Main_720-734,CAUTION
708,0.24,0,234,234,75.0,3.12,T16,Branch_701-708,CAUTION
712,0.24,0,120,120,65.0,1.8461538461538463,T18,Branch_701-708,CAUTION
723,0.24,0,149,149,0.0,149.0,-,Main_720-734,CONSTRAINED
748,0.24,15,212,227,76.88,2.9526534859521334,T8,Main_735-750,CONSTRAINED
7122,0.24,7,72,79,0.0,79.0,T18,LV_secondary_T2_T4,CAUTION
743,0.24,0,11,11,240.0,0.04583333333333333,T7,Main_735-750,SAFE
740,0.24,0,75,75,75.0,1.0,T5,Main_735-750,SAFE
6202,0.24,0,232,232,0.0,232.0,T2,LV_secondary_T2_T4,CAUTION
6241,0.24,0,160,160,0.0,160.0,T2,LV_secondary_T2_T4,CONSTRAINED
7392,0.24,5,61,66,0.0,66.0,T6,LV_secondary_T2_T4,CAUTION
728,0.24,0,186,186,38.0,4.894736842105263,T3,Main_720-734,CONSTRAINED
6322,0.24,11,198,209,0.0,209.0,T4,LV_secondary_T2_T4,CONSTRAINED
725,0.24,0,146,146,0.0,146.0,-,Main_720-734,CONSTRAINED
632,0.24,0,13,13,0.0,13.0,T4,LV_secondary_T2_T4,SAFE
721,0.24,0,175,175,0.0,175.0,-,Main_720-734,CONSTRAINED
740,0.24,0,216,216,75.0,2.88,T5,Main_735-750,CAUTION
7393,0.24,0,146,146,0.0,146.0,T6,LV_secondary_T2_T4,CAUTION
6242,0.24,0,63,63,0.0,63.0,T2,LV_secondary_T2_T4,SAFE
7692,0.24,0,169,169,0.0,169.0,T22,LV_secondary_T2_T4,CAUTION
6262,0.24,0,199,199,0.0,199.0,T2,LV_secondary_T2_T4,CONSTRAINED
626,0.24,9,40,49,0.0,49.0,T2,LV_secondary_T2_T4,CAUTION
708,0.24,0,35,35,75.0,0.4666666666666667,T16,Branch_701-708,SAFE
7692,0.24,0,219,219,0.0,219.0,T22,LV_secondary_T2_T4,CONSTRAINED
7121,0.24,0,125,125,0.0,125.0,T18,LV_secondary_T2_T4,CAUTION
716,0.48,7,50,57,15.85,3.5962145110410098,T24(HV),Branch_701-708,CONSTRAINED
6321,0.24,0,39,39,0.0,39.0,T4,LV_secondary_T2_T4,SAFE
7391,0.24,0,35,35,0.0,35.0,T6,LV_secondary_T2_T4,SAFE
756,0.208,0,124,124,155.0,0.8,T11,Branch_752-765,SAFE
710,0.208,0,158,158,80.0,1.975,T17,Branch_701-708,CAUTION
6212,0.24,0,154,154,0.0,154.0,T2,LV_secondary_T2_T4,CONSTRAINED
7641,0.24,0,188,188,0.0,188.0,T14,LV_secondary_T2_T4,CONSTRAINED
632,0.24,0,100,100,0.0,100.0,T4,LV_secondary_T2_T4,CAUTION
764,0.24,3,199,202,46.0,4.391304347826087,T14,Branch_752-765,CONSTRAINED
6222,0.24,0,205,205,0.0,205.0,T2,LV_secondary_T2_T4,CONSTRAINED
7121,0.24,0,226,226,0.0,226.0,T18,LV_secondary_T2_T4,CAUTION
6212,0.24,0,246,246,0.0,246.0,T2,LV_secondary_T2_T4,CONSTRAINED
6231,0.24,0,106,106,0.0,106.0,T2,LV_secondary_T2_T4,CONSTRAINED
708,0.24,0,62,62,75.0,0.8266666666666667,T16,Branch_701-708,SAFE
7692,0.24,0,101,101,0.0,101.0,T22,LV_secondary_T2_T4,CAUTION
716,0.48,0,45,45,15.85,2.8391167192429023,T24(HV),Branch_701-708,CONSTRAINED
7483,0.24,0,44,44,0.0,44.0,T8,LV_secondary_T2_T4,SAFE
7392,0.24,0,146,146,0.0,146.0,T6,LV_secondary_T2_T4,CAUTION
7641,0.24,0,204,204,0.0,204.0,T14,LV_secondary_T2_T4,CONSTRAINED
712,0.24,0,29,29,65.0,0.4461538461538462,T18,Branch_701-708,SAFE
6211,0.24,0,59,59,0.0,59.0,T2,LV_secondary_T2_T4,SAFE
751,0.48,0,156,156,0.0,156.0,T9,other,SAFE
7693,0.24,0,171,171,0.0,171.0,T22,LV_secondary_T2_T4,CAUTION
710,0.208,0,142,142,80.0,1.775,T17,Branch_701-708,CAUTION
7693,0.24,14,193,207,0.0,207.0,T22,LV_secondary_T2_T4,CONSTRAINED
715,0.208,0,14,14,0.0,14.0,-,Branch_701-708,SAFE
6212,0.24,10,119,129,0.0,129.0,T2,LV_secondary_T2_T4,CAUTION
6262,0.24,0,161,161,0.0,161.0,T2,LV_secondary_T2_T4,CONSTRAINED
7691,0.24,0,239,239,0.0,239.0,T22,LV_secondary_T2_T4,CONSTRAINED
716,0.48,5,84,89,15.85,5.615141955835962,T24(HV),Branch_701-708,CONSTRAINED
6241,0.24,11,194,205,0.0,205.0,T2,LV_secondary_T2_T4,CONSTRAINED
714,0.208,0,121,121,240.0,0.5041666666666667,T24,Branch_701-708,SAFE
6241,0.24,0,64,64,0.0,64.0,T2,LV_secondary_T2_T4,SAFE
632,0.24,4,171,175,0.0,175.0,T4,LV_secondary_T2_T4,CAUTION
7392,0.24,0,143,143,0.0,143.0,T6,LV_secondary_T2_T4,CAUTION
740,0.24,0,245,245,75.0,3.2666666666666666,T5,Main_735-750,CONSTRAINED
625,0.24,0,212,212,0.0,212.0,T2,LV_secondary_T2_T4,CONSTRAINED
739,0.24,0,208,208,41.1,5.0608272506082725,T6,Main_735-750,CONSTRAINED
716,0.48,0,152,152,15.85,9.589905362776026,T24(HV),Branch_701-708,CONSTRAINED
7693,0.24,0,231,231,0.0,231.0,T22,LV_secondary_T2_T4,CONSTRAINED
7692,0.24,0,239,239,0.0,239.0,T22,LV_secondary_T2_T4,CONSTRAINED
721,0.24,0,56,56,0.0,56.0,-,Main_720-734,SAFE
620,0.24,0,58,58,0.0,58.0,T2,LV_secondary_T2_T4,SAFE
7392,0.24,13,96,109,0.0,109.0,T6,LV_secondary_T2_T4,CAUTION
725,0.24,0,5,5,0.0,5.0,-,Main_720-734,SAFE
710,0.208,0,134,134,80.0,1.675,T17,Branch_701-708,CAUTION
723,0.24,0,6,6,0.0,6.0,-,Main_720-734,SAFE
7691,0.24,0,169,169,0.0,169.0,T22,LV_secondary_T2_T4,CAUTION
764,0.24,0,97,97,46.0,2.108695652173913,T14,Branch_752-765,CAUTION
751,0.48,0,247,247,0.0,247.0,T9,other,SAFE
733,0.24,6,80,86,0.0,86.0,-,Main_720-734,CAUTION
730,0.24,0,157,157,85.0,1.8470588235294119,T23,Main_720-734,CAUTION
733,0.24,14,144,158,0.0,158.0,-,Main_720-734,CONSTRAINED
6242,0.24,0,172,172,0.0,172.0,T2,LV_secondary_T2_T4,CONSTRAINED
721,0.24,0,44,44,0.0,44.0,-,Main_720-734,SAFE
721,0.24,11,148,159,0.0,159.0,-,Main_720-734,CONSTRAINED
7122,0.24,3,27,30,0.0,30.0,T18,LV_secondary_T2_T4,SAFE
7483,0.24,0,74,74,0.0,74.0,T8,LV_secondary_T2_T4,SAFE
626,0.24,0,145,145,0.0,145.0,T2,LV_secondary_T2_T4,CONSTRAINED
6231,0.24,0,134,134,0.0,134.0,T2,LV_secondary_T2_T4,CONSTRAINED
622,0.24,14,174,188,0.0,188.0,T2,LV_secondary_T2_T4,CONSTRAINED
6261,0.24,0,172,172,0.0,172.0,T2,LV_secondary_T2_T4,CONSTRAINED
725,0.24,12,189,201,0.0,201.0,-,Main_720-734,CONSTRAINED
6202,0.24,0,186,186,0.0,186.0,T2,LV_secondary_T2_T4,CAUTION
6231,0.24,15,141,156,0.0,156.0,T2,LV_secondary_T2_T4,CONSTRAINED
762,0.48,0,67,67,45.0,1.488888888888889,T13,Branch_752-765,CAUTION
740,0.24,5,135,140,75.0,1.8666666666666667,T5,Main_735-750,CAUTION
732,0.24,0,26,26,25.4,1.0236220472440944,T4,Main_720-734,SAFE
6321,0.24,0,206,206,0.0,206.0,T4,LV_secondary_T2_T4,CONSTRAINED
6332,0.24,0,155,155,0.0,155.0,T4,LV_secondary_T2_T4,CONSTRAINED
7122,0.24,0,191,191,0.0,191.0,T18,LV_secondary_T2_T4,CAUTION
7392,0.24,8,188,196,0.0,196.0,T6,LV_secondary_T2_T4,CONSTRAINED
6261,0.24,10,240,250,0.0,250.0,T2,LV_secondary_T2_T4,CONSTRAINED
728,0.24,0,192,192,38.0,5.052631578947368,T3,Main_720-734,CONSTRAINED
730,0.24,12,173,185,85.0,2.176470588235294,T23,Main_720-734,CAUTION
623,0.24,8,247,255,0.0,255.0,T2,LV_secondary_T2_T4,CONSTRAINED
734,0.24,0,79,79,15.85,4.9842271293375395,-,Main_720-734,CONSTRAINED
6201,0.24,0,168,168,0.0,168.0,T2,LV_secondary_T2_T4,CAUTION
6202,0.24,14,96,110,0.0,110.0,T2,LV_secondary_T2_T4,CAUTION
7121,0.24,0,230,230,0.0,230.0,T18,LV_secondary_T2_T4,CAUTION
730,0.24,0,22,22,85.0,0.25882352941176473,T23,Main_720-734,SAFE
623,0.24,0,141,141,0.0,141.0,T2,LV_secondary_T2_T4,CONSTRAINED
7641,0.24,0,115,115,0.0,115.0,T14,LV_secondary_T2_T4,CAUTION
714,0.208,0,127,127,240.0,0.5291666666666667,T24,Branch_701-708,SAFE
623,0.24,0,247,247,0.0,247.0,T2,LV_secondary_T2_T4,CONSTRAINED
6221,0.24,10,24,34,0.0,34.0,T2,LV_secondary_T2_T4,SAFE
624,0.24,0,60,60,0.0,60.0,T2,LV_secondary_T2_T4,SAFE
708,0.24,0,86,86,75.0,1.1466666666666667,T16,Branch_701-708,CAUTION
728,0.24,0,114,114,38.0,3.0,T3,Main_720-734,CONSTRAINED
770,0.24,0,205,205,450.0,0.45555555555555555,T15,Delta_766-772,SAFE
740,0.24,9,120,129,75.0,1.72,T5,Main_735-750,CAUTION
728,0.24,0,130,130,38.0,3.4210526315789473,T3,Main_720-734,CONSTRAINED
7642,0.24,0,147,147,0.0,147.0,T14,LV_secondary_T2_T4,CAUTION
632,0.24,0,82,82,0.0,82.0,T4,LV_secondary_T2_T4,CAUTION
714,0.208,6,39,45,240.0,0.1875,T24,Branch_701-708,SAFE
6241,0.24,0,119,119,0.0,119.0,T2,LV_secondary_T2_T4,CAUTION
740,0.24,7,202,209,75.0,2.7866666666666666,T5,Main_735-750,CAUTION
6252,0.24,13,122,135,0.0,135.0,T2,LV_secondary_T2_T4,CONSTRAINED
7391,0.24,15,221,236,0.0,236.0,T6,LV_secondary_T2_T4,CONSTRAINED
6221,0.24,15,17,32,0.0,32.0,T2,LV_secondary_T2_T4,SAFE
733,0.24,0,16,16,0.0,16.0,-,Main_720-734,SAFE
6211,0.24,11,53,64,0.0,64.0,T2,LV_secondary_T2_T4,SAFE
6222,0.24,6,99,105,0.0,105.0,T2,LV_secondary_T2_T4,CONSTRAINED
723,0.24,0,146,146,0.0,146.0,-,Main_720-734,CONSTRAINED
725,0.24,0,136,136,0.0,136.0,-,Main_720-734,CONSTRAINED
724,0.24,0,244,244,0.0,244.0,-,Main_720-734,CONSTRAINED
748,0.24,0,193,193,76.88,2.5104058272632677,T8,Main_735-750,CAUTION
716,0.48,0,135,135,15.85,8.517350157728707,T24(HV),Branch_701-708,CONSTRAINED
7693,0.24,0,184,184,0.0,184.0,T22,LV_secondary_T2_T4,CAUTION
712,0.24,0,40,40,65.0,0.6153846153846154,T18,Branch_701-708,SAFE
716,0.48,0,88,88,15.85,5.55205047318612,T24(HV),Branch_701-708,CONSTRAINED
721,0.24,0,63,63,0.0,63.0,-,Main_720-734,SAFE
743,0.24,0,10,10,240.0,0.041666666666666664,T7,Main_735-750,SAFE
724,0.24,8,97,105,0.0,105.0,-,Main_720-734,CAUTION
7693,0.24,14,143,157,0.0,157.0,T22,LV_secondary_T2_T4,CAUTION
756,0.208,0,227,227,155.0,1.4645161290322581,T11,Branch_752-765,CAUTION
632,0.24,0,168,168,0.0,168.0,T4,LV_secondary_T2_T4,CAUTION
6331,0.24,0,99,99,0.0,99.0,T4,LV_secondary_T2_T4,CAUTION
714,0.208,0,74,74,240.0,0.30833333333333335,T24,Branch_701-708,SAFE
6201,0.24,0,232,232,0.0,232.0,T2,LV_secondary_T2_T4,CAUTION
734,0.24,9,183,192,15.85,12.113564668769717,-,Main_720-734,CONSTRAINED
6322,0.24,0,9,9,0.0,9.0,T4,LV_secondary_T2_T4,SAFE
720,0.24,0,205,205,66.0,3.106060606060606,T2,Main_720-734,CAUTION
6231,0.24,0,189,189,0.0,189.0,T2,LV_secondary_T2_T4,CONSTRAINED
723,0.24,10,245,255,0.0,255.0,-,Main_720-734,CONSTRAINED
6261,0.24,0,166,166,0.0,166.0,T2,LV_secondary_T2_T4,CONSTRAINED
756,0.208,0,235,235,155.0,1.5161290322580645,T11,Branch_752-765,CAUTION
743,0.24,4,68,72,240.0,0.3,T7,Main_735-750,SAFE
740,0.24,13,116,129,75.0,1.72,T5,Main_735-750,CAUTION
6331,0.24,0,241,241,0.0,241.0,T4,LV_secondary_T2_T4,CONSTRAINED
633,0.24,0,166,166,0.0,166.0,T4,LV_secondary_T2_T4,CONSTRAINED
6251,0.24,0,205,205,0.0,205.0,T2,LV_secondary_T2_T4,CONSTRAINED
6322,0.24,0,33,33,0.0,33.0,T4,LV_secondary_T2_T4,SAFE
716,0.48,0,178,178,15.85,11.230283911671924,T24(HV),Branch_701-708,CONSTRAINED
740,0.24,0,237,237,75.0,3.16,T5,Main_735-750,CONSTRAINED
722,0.24,14,170,184,0.0,184.0,-,Main_720-734,CONSTRAINED
6331,0.24,15,167,182,0.0,182.0,T4,LV_secondary_T2_T4,CONSTRAINED
720,0.24,12,205,217,66.0,3.287878787878788,T2,Main_720-734,CAUTION
625,0.24,10,144,154,0.0,154.0,T2,LV_secondary_T2_T4,CONSTRAINED
6202,0.24,0,34,34,0.0,34.0,T2,LV_secondary_T2_T4,SAFE
7483,0.24,0,48,48,0.0,48.0,T8,LV_secondary_T2_T4,SAFE
722,0.24,0,236,236,0.0,236.0,-,Main_720-734,CONSTRAINED
756,0.208,0,189,189,155.0,1.2193548387096773,T11,Branch_752-765,CAUTION
739,0.24,0,157,157,41.1,3.8199513381995134,T6,Main_735-750,CAUTION
626,0.24,8,74,82,0.0,82.0,T2,LV_secondary_T2_T4,CONSTRAINED
721,0.24,0,197,197,0.0,197.0,-,Main_720-734,CONSTRAINED
6252,0.24,0,243,243,0.0,243.0,T2,LV_secondary_T2_T4,CONSTRAINED
633,0.24,7,94,101,0.0,101.0,T4,LV_secondary_T2_T4,CAUTION
762,0.48,0,128,128,45.0,2.8444444444444446,T13,Branch_752-765,CAUTION
7121,0.24,0,62,62,0.0,62.0,T18,LV_secondary_T2_T4,SAFE
723,0.24,7,172,179,0.0,179.0,-,Main_720-734,CONSTRAINED
7391,0.24,13,144,157,0.0,157.0,T6,LV_secondary_T2_T4,CAUTION
632,0.24,0,197,197,0.0,197.0,T4,LV_secondary_T2_T4,CONSTRAINED
724,0.24,4,111,115,0.0,115.0,-,Main_720-734,CAUTION
7692,0.24,0,14,14,0.0,14.0,T22,LV_secondary_T2_T4,SAFE
6321,0.24,0,195,195,0.0,195.0,T4,LV_secondary_T2_T4,CONSTRAINED
7692,0.24,6,43,49,0.0,49.0,T22,LV_secondary_T2_T4,SAFE
723,0.24,4,16,20,0.0,20.0,-,Main_720-734,SAFE
6251,0.24,0,127,127,0.0,127.0,T2,LV_secondary_T2_T4,CONSTRAINED
732,0.24,0,69,69,25.4,2.716535433070866,T4,Main_720-734,CAUTION
732,0.24,0,97,97,25.4,3.818897637795276,T4,Main_720-734,CAUTION
708,0.24,0,231,231,75.0,3.08,T16,Branch_701-708,CAUTION
740,0.24,13,89,102,75.0,1.36,T5,Main_735-750,CAUTION
732,0.24,0,78,78,25.4,3.070866141732284,T4,Main_720-734,CAUTION
7392,0.24,0,40,40,0.0,40.0,T6,LV_secondary_T2_T4,SAFE
712,0.24,12,176,188,65.0,2.8923076923076922,T18,Branch_701-708,CAUTION
7481,0.24,0,168,168,0.0,168.0,T8,LV_secondary_T2_T4,CAUTION
7483,0.24,14,202,216,0.0,216.0,T8,LV_secondary_T2_T4,CONSTRAINED
7641,0.24,0,19,19,0.0,19.0,T14,LV_secondary_T2_T4,SAFE
7643,0.24,0,30,30,0.0,30.0,T14,LV_secondary_T2_T4,SAFE
770,0.24,0,112,112,450.0,0.24888888888888888,T15,Delta_766-772,SAFE
751,0.48,0,13,13,0.0,13.0,T9,other,SAFE
6212,0.24,0,248,248,0.0,248.0,T2,LV_secondary_T2_T4,CONSTRAINED
772,0.208,3,88,91,100.0,0.91,T19,Delta_766-772,SAFE
625,0.24,4,229,233,0.0,233.0,T2,LV_secondary_T2_T4,CONSTRAINED
712,0.24,0,162,162,65.0,2.4923076923076923,T18,Branch_701-708,CAUTION
6242,0.24,14,83,97,0.0,97.0,T2,LV_secondary_T2_T4,CAUTION
6242,0.24,0,110,110,0.0,110.0,T2,LV_secondary_T2_T4,CAUTION
772,0.208,0,160,160,100.0,1.6,T19,Delta_766-772,CAUTION
720,0.24,9,232,241,66.0,3.6515151515151514,T2,Main_720-734,CAUTION
728,0.24,0,7,7,38.0,0.18421052631578946,T3,Main_720-734,SAFE
7643,0.24,0,89,89,0.0,89.0,T14,LV_secondary_T2_T4,CAUTION
6331,0.24,0,130,130,0.0,130.0,T4,LV_secondary_T2_T4,CONSTRAINED
743,0.24,0,245,245,240.0,1.0208333333333333,T7,Main_735-750,SAFE
724,0.24,12,180,192,0.0,192.0,-,Main_720-734,CONSTRAINED
7693,0.24,0,108,108,0.0,108.0,T22,LV_secondary_T2_T4,CAUTION
633,0.24,0,75,75,0.0,75.0,T4,LV_secondary_T2_T4,CAUTION
6242,0.24,0,210,210,0.0,210.0,T2,LV_secondary_T2_T4,CONSTRAINED
7641,0.24,0,15,15,0.0,15.0,T14,LV_secondary_T2_T4,SAFE
722,0.24,0,184,184,0.0,184.0,-,Main_720-734,CONSTRAINED
6201,0.24,0,199,199,0.0,199.0,T2,LV_secondary_T2_T4,CAUTION
7692,0.24,0,18,18,0.0,18.0,T22,LV_secondary_T2_T4,SAFE
712,0.24,0,134,134,65.0,2.0615384615384613,T18,Branch_701-708,CAUTION
7392,0.24,0,104,104,0.0,104.0,T6,LV_secondary_T2_T4,CAUTION
6321,0.24,8,74,82,0.0,82.0,T4,LV_secondary_T2_T4,CAUTION
7122,0.24,8,144,152,0.0,152.0,T18,LV_secondary_T2_T4,CAUTION
751,0.48,0,81,81,0.0,81.0,T9,other,SAFE
6202,0.24,4,40,44,0.0,44.0,T2,LV_secondary_T2_T4,SAFE
6221,0.24,0,116,116,0.0,116.0,T2,LV_secondary_T2_T4,CONSTRAINED
620,0.24,12,105,117,0.0,117.0,T2,LV_secondary_T2_T4,CAUTION
6232,0.24,0,106,106,0.0,106.0,T2,LV_secondary_T2_T4,CONSTRAINED
7483,0.24,0,98,98,0.0,98.0,T8,LV_secondary_T2_T4,CAUTION
6231,0.24,0,184,184,0.0,184.0,T2,LV_secondary_T2_T4,CONSTRAINED
710,0.208,5,45,50,80.0,0.625,T17,Branch_701-708,SAFE
624,0.24,4,136,140,0.0,140.0,T2,LV_secondary_T2_T4,CAUTION
6331,0.24,0,30,30,0.0,30.0,T4,LV_secondary_T2_T4,CAUTION
724,0.24,0,180,180,0.0,180.0,-,Main_720-734,CONSTRAINED
622,0.24,0,22,22,0.0,22.0,T2,LV_secondary_T2_T4,SAFE
708,0.24,0,158,158,75.0,2.1066666666666665,T16,Branch_701-708,CAUTION
6212,0.24,0,174,174,0.0,174.0,T2,LV_secondary_T2_T4,CONSTRAINED
723,0.24,11,61,72,0.0,72.0,-,Main_720-734,CONSTRAINED
728,0.24,0,162,162,38.0,4.2631578947368425,T3,Main_720-734,CONSTRAINED
708,0.24,0,201,201,75.0,2.68,T16,Branch_701-708,CAUTION
770,0.24,0,143,143,450.0,0.31777777777777777,T15,Delta_766-772,SAFE
624,0.24,0,168,168,0.0,168.0,T2,LV_secondary_T2_T4,CONSTRAINED
6212,0.24,0,115,115,0.0,115.0,T2,LV_secondary_T2_T4,CAUTION
6231,0.24,0,155,155,0.0,155.0,T2,LV_secondary_T2_T4,CONSTRAINED
7392,0.24,0,65,65,0.0,65.0,T6,LV_secondary_T2_T4,CAUTION
743,0.24,0,54,54,240.0,0.225,T7,Main_735-750,SAFE
621,0.24,0,189,189,0.0,189.0,T2,LV_secondary_T2_T4,CONSTRAINED
712,0.24,0,196,196,65.0,3.0153846153846153,T18,Branch_701-708,CAUTION
7693,0.24,0,61,61,0.0,61.0,T22,LV_secondary_T2_T4,CAUTION
6212,0.24,0,8,8,0.0,8.0,T2,LV_secondary_T2_T4,SAFE
7693,0.24,0,77,77,0.0,77.0,T22,LV_secondary_T2_T4,CAUTION
770,0.24,6,226,232,450.0,0.5155555555555555,T15,Delta_766-772,SAFE
622,0.24,0,191,191,0.0,191.0,T2,LV_secondary_T2_T4,CONSTRAINED
721,0.24,8,140,148,0.0,148.0,-,Main_720-734,CAUTION
740,0.24,10,44,54,75.0,0.72,T5,Main_735-750,SAFE
7121,0.24,3,111,114,0.0,114.0,T18,LV_secondary_T2_T4,CAUTION
621,0.24,0,125,125,0.0,125.0,T2,LV_secondary_T2_T4,CAUTION
6252,0.24,0,66,66,0.0,66.0,T2,LV_secondary_T2_T4,CAUTION
724,0.24,0,62,62,0.0,62.0,-,Main_720-734,SAFE
7642,0.24,11,180,191,0.0,191.0,T14,LV_secondary_T2_T4,CONSTRAINED
726,0.24,0,167,167,0.0,167.0,-,Main_720-734,CONSTRAINED
6261,0.24,0,143,143,0.0,143.0,T2,LV_secondary_T2_T4,CONSTRAINED
756,0.208,10,34,44,155.0,0.2838709677419355,T11,Branch_752-765,SAFE
734,0.24,0,185,185,15.85,11.67192429022082,-,Main_720-734,CONSTRAINED
7642,0.24,0,45,45,0.0,45.0,T14,LV_secondary_T2_T4,SAFE
721,0.24,11,11,22,0.0,22.0,-,Main_720-734,SAFE
633,0.24,0,55,55,0.0,55.0,T4,LV_secondary_T2_T4,CAUTION
710,0.208,0,129,129,80.0,1.6125,T17,Branch_701-708,CAUTION
623,0.24,0,72,72,0.0,72.0,T2,LV_secondary_T2_T4,CONSTRAINED
626,0.24,0,212,212,0.0,212.0,T2,LV_secondary_T2_T4,CONSTRAINED
625,0.24,0,224,224,0.0,224.0,T2,LV_secondary_T2_T4,CONSTRAINED
710,0.208,0,245,245,80.0,3.0625,T17,Branch_701-708,CAUTION
6201,0.24,0,237,237,0.0,237.0,T2,LV_secondary_T2_T4,CAUTION
7643,0.24,0,214,214,0.0,214.0,T14,LV_secondary_T2_T4,CONSTRAINED
7691,0.24,6,200,206,0.0,206.0,T22,LV_secondary_T2_T4,CONSTRAINED
6221,0.24,0,178,178,0.0,178.0,T2,LV_secondary_T2_T4,CONSTRAINED
715,0.208,0,180,180,0.0,180.0,-,Branch_701-708,SAFE
7483,0.24,14,112,126,0.0,126.0,T8,LV_secondary_T2_T4,CAUTION
633,0.24,0,147,147,0.0,147.0,T4,LV_secondary_T2_T4,CONSTRAINED
7393,0.24,0,201,201,0.0,201.0,T6,LV_secondary_T2_T4,CONSTRAINED
633,0.24,10,13,23,0.0,23.0,T4,LV_secondary_T2_T4,SAFE
7693,0.24,0,164,164,0.0,164.0,T22,LV_secondary_T2_T4,CAUTION
6221,0.24,0,18,18,0.0,18.0,T2,LV_secondary_T2_T4,SAFE
721,0.24,5,68,73,0.0,73.0,-,Main_720-734,SAFE
748,0.24,0,62,62,76.88,0.8064516129032259,T8,Main_735-750,SAFE
7643,0.24,4,249,253,0.0,253.0,T14,LV_secondary_T2_T4,CONSTRAINED
6251,0.24,0,146,146,0.0,146.0,T2,LV_secondary_T2_T4,CONSTRAINED
7483,0.24,0,144,144,0.0,144.0,T8,LV_secondary_T2_T4,CAUTION
740,0.24,0,220,220,75.0,2.933333333333333,T5,Main_735-750,CAUTION
7392,0.24,0,7,7,0.0,7.0,T6,LV_secondary_T2_T4,SAFE
724,0.24,0,182,182,0.0,182.0,-,Main_720-734,CONSTRAINED
743,0.24,0,173,173,240.0,0.7208333333333333,T7,Main_735-750,SAFE
7392,0.24,0,56,56,0.0,56.0,T6,LV_secondary_T2_T4,CAUTION
728,0.24,3,50,53,38.0,1.394736842105263,T3,Main_720-734,CAUTION
7482,0.24,0,33,33,0.0,33.0,T8,LV_secondary_T2_T4,SAFE
633,0.24,0,20,20,0.0,20.0,T4,LV_secondary_T2_T4,SAFE
759,0.24,0,215,215,35.0,6.142857142857143,T12,Branch_752-765,CONSTRAINED
733,0.24,8,188,196,0.0,196.0,-,Main_720-734,CONSTRAINED
633,0.24,12,16,28,0.0,28.0,T4,LV_secondary_T2_T4,SAFE
6211,0.24,0,202,202,0.0,202.0,T2,LV_secondary_T2_T4,CONSTRAINED
732,0.24,0,189,189,25.4,7.440944881889764,T4,Main_720-734,CONSTRAINED
739,0.24,0,128,128,41.1,3.114355231143552,T6,Main_735-750,CAUTION
7641,0.24,0,163,163,0.0,163.0,T14,LV_secondary_T2_T4,CAUTION
6201,0.24,10,130,140,0.0,140.0,T2,LV_secondary_T2_T4,CAUTION
759,0.24,4,45,49,35.0,1.4,T12,Branch_752-765,CAUTION
6332,0.24,0,59,59,0.0,59.0,T4,LV_secondary_T2_T4,CAUTION
623,0.24,6,219,225,0.0,225.0,T2,LV_secondary_T2_T4,CONSTRAINED
6211,0.24,0,229,229,0.0,229.0,T2,LV_secondary_T2_T4,CONSTRAINED
632,0.24,9,114,123,0.0,123.0,T4,LV_secondary_T2_T4,CAUTION
